Current V 0,Current V 1,Ship 1 arrival time,Ship 1 teu,Ship 1 waiting cost,Ship 2 arrival time,Ship 2 teu,Ship 2 waiting cost,Ship 3 arrival time,Ship 3 teu,Ship 3 waiting cost,Ship 4 arrival time,Ship 4 teu,Ship 4 waiting cost,Ship 5 arrival time,Ship 5 teu,Ship 5 waiting cost,Ship 6 arrival time,Ship 6 teu,Ship 6 waiting cost,U,V 0,V 1,y 0,y 1
1,1,0.31,1445,3600,0.79,2584,3600,0,0,0,0,0,0,0,0,0,0,0,0,0,3,4,0.0,0.0
3,4,0.79,2584,3600,1.36,1798,3600,0,0,0,0,0,0,0,0,0,0,0,0,0,4,3,3.9399999999999995,0.0
4,3,1.36,1798,3600,1.54,2332,3600,0,0,0,0,0,0,0,0,0,0,0,0,0,2,5,0.0,4.562499999999999
2,5,1.54,2332,3600,1.67,2548,3600,0,0,0,0,0,0,0,0,0,0,0,0,0,4,3,2.7380000000000004,0.0
4,3,1.67,2548,3600,1.8,1850,3600,0,0,0,0,0,0,0,0,0,0,0,0,1,5,2,0.0,3.5654999999999997
5,2,1.67,2548,3600,2.08,1921,3600,0,0,0,0,0,0,0,0,0,0,0,0,1,3,4,0.0,2.457
3,4,1.67,2548,3600,2.14,1571,3600,0,0,0,0,0,0,0,0,0,0,0,0,1,5,2,3.3122500000000006,0.0
5,2,1.67,2548,3600,2.25,2961,3600,0,0,0,0,0,0,0,0,0,0,0,0,0,3,4,0.0,2.128499999999999
3,4,2.25,2961,3600,2.35,1909,3600,0,0,0,0,0,0,0,0,0,0,0,0,1,5,2,4.56975,0.0
5,2,2.25,2961,3600,2.68,1518,3600,0,0,0,0,0,0,0,0,0,0,0,0,1,5,2,0.0,2.349499999999999
5,2,2.25,2961,3600,3.08,1014,3600,0,0,0,0,0,0,0,0,0,0,0,0,1,5,2,0.0,1.0854999999999997
5,2,2.25,2961,3600,3.45,1519,3600,0,0,0,0,0,0,0,0,0,0,0,0,1,3,4,0.0,0.24150000000000027
3,4,2.25,2961,3600,3.69,1030,3600,0,0,0,0,0,0,0,0,0,0,0,0,1,5,2,3.6118750000000004,0.0
5,2,2.25,2961,3600,3.94,2091,3600,0,0,0,0,0,0,0,0,0,0,0,0,1,3,4,0.0,0.5847500000000014
3,4,2.25,2961,3600,4.15,2674,3600,0,0,0,0,0,0,0,0,0,0,0,0,1,4,3,5.0953750000000015,0.0
4,3,2.25,2961,3600,4.27,2046,3600,0,0,0,0,0,0,0,0,0,0,0,0,1,3,4,0.0,1.5646250000000004
3,4,2.25,2961,3600,4.61,2392,3600,0,0,0,0,0,0,0,0,0,0,0,0,1,4,3,4.087874999999996,0.0
4,3,2.25,2961,3600,4.74,1999,3600,0,0,0,0,0,0,0,0,0,0,0,0,1,5,2,0.0,1.9571250000000031
5,2,2.25,2961,3600,4.9,2030,3600,0,0,0,0,0,0,0,0,0,0,0,0,1,3,4,0.0,1.3007499999999972
3,4,2.25,2961,3600,5.0,1694,3600,0,0,0,0,0,0,0,0,0,0,0,0,1,5,2,4.502437500000001,0.0
5,2,2.25,2961,3600,5.32,2848,3600,0,0,0,0,0,0,0,0,0,0,0,0,1,3,4,0.0,1.6563750000000006
3,4,2.25,2961,3600,5.44,2697,3600,0,0,0,0,0,0,0,0,0,0,0,0,1,3,4,6.0929375,0.0
3,4,2.25,2961,3600,5.85,2447,3600,0,0,0,0,0,0,0,0,0,0,0,0,1,4,3,1.8779375000000016,0.0
4,3,2.25,2961,3600,6.27,2244,3600,0,0,0,0,0,0,0,0,0,0,0,0,1,4,3,0.0,4.704562499999996
4,3,2.25,2961,3600,6.74,2429,3600,0,0,0,0,0,0,0,0,0,0,0,0,1,3,4,0.0,1.1945624999999964
3,4,2.25,2961,3600,7.33,1933,3600,0,0,0,0,0,0,0,0,0,0,0,0,1,3,4,5.041578125000001,0.0
3,4,2.25,2961,3600,7.82,1789,3600,0,0,0,0,0,0,0,0,0,0,0,0,1,2,5,2.019078125,0.0
2,5,2.25,2961,3600,7.99,2128,3600,0,0,0,0,0,0,0,0,0,0,0,0,1,4,3,1.534578125000003,0.0
4,3,2.25,2961,3600,8.12,1293,3600,0,0,0,0,0,0,0,0,0,0,0,0,1,2,5,0.0,4.398066406250006
2,5,2.25,2961,3600,8.67,2747,3600,0,0,0,0,0,0,0,0,0,0,0,0,1,4,3,0.9392890624999986,0.0
4,3,2.25,2961,3600,9.35,2778,3600,0,0,0,0,0,0,0,0,0,0,0,0,1,4,3,0.0,6.328566406250005
4,3,2.25,2961,3600,9.43,2462,3600,0,0,0,0,0,0,0,0,0,0,0,0,1,3,4,0.0,1.98606640625
3,4,2.25,2961,3600,9.66,1833,3600,0,0,0,0,0,0,0,0,0,0,0,0,1,5,2,4.573933593750002,0.0
5,2,2.25,2961,3600,9.84,2988,3600,0,0,0,0,0,0,0,0,0,0,0,0,0,3,4,0.0,2.138710937500001
3,4,9.84,2988,3600,10.1,1665,3600,0,0,0,0,0,0,0,0,0,0,0,0,1,3,4,5.8269335937500095,0.0
3,4,9.84,2988,3600,10.41,2852,3600,0,0,0,0,0,0,0,0,0,0,0,0,1,4,3,3.2244335937500104,0.0
4,3,9.84,2988,3600,10.68,2007,3600,0,0,0,0,0,0,0,0,0,0,0,0,1,5,2,0.0,4.172299804687501
5,2,9.84,2988,3600,10.93,2323,3600,0,0,0,0,0,0,0,0,0,0,0,0,1,3,4,0.0,3.0895332031250007
3,4,9.84,2988,3600,10.98,2020,3600,0,0,0,0,0,0,0,0,0,0,0,0,1,2,5,3.776850097656247,0.0
2,5,9.84,2988,3600,11.25,2825,3600,0,0,0,0,0,0,0,0,0,0,0,0,1,4,3,2.447233398437497,0.0
4,3,9.84,2988,3600,11.55,1388,3600,0,0,0,0,0,0,0,0,0,0,0,0,1,4,3,0.0,5.317574951171874
4,3,9.84,2988,3600,11.75,2235,3600,0,0,0,0,0,0,0,0,0,0,0,0,1,5,2,0.0,3.1500749511718737
5,2,9.84,2988,3600,12.01,2749,3600,0,0,0,0,0,0,0,0,0,0,0,0,1,3,4,0.0,2.008574951171873
3,4,9.84,2988,3600,12.37,2888,3600,0,0,0,0,0,0,0,0,0,0,0,0,1,4,3,5.6215687866210935,0.0
4,3,9.84,2988,3600,12.54,2406,3600,0,0,0,0,0,0,0,0,0,0,0,0,1,3,4,0.0,1.830931213378907
3,4,9.84,2988,3600,12.79,2578,3600,0,0,0,0,0,0,0,0,0,0,0,0,1,4,3,4.684068786621104,0.0
4,3,9.84,2988,3600,12.93,2533,3600,0,0,0,0,0,0,0,0,0,0,0,0,1,3,4,0.0,1.9384312133788946
3,4,9.84,2988,3600,13.15,1817,3600,0,0,0,0,0,0,0,0,0,0,0,0,1,3,4,4.684068786621104,0.0
3,4,9.84,2988,3600,13.35,1112,3600,0,0,0,0,0,0,0,0,0,0,0,0,1,2,5,1.8415687866210995,0.0
2,5,9.84,2988,3600,0.0,0,0,0,0,0,0,0,0,0,0,0,0,0,0,0,2,5,1.8610687866210966,0.0
1,1,0.1,1625,3600,0.36,2544,3600,0,0,0,0,0,0,0,0,0,0,0,0,0,3,4,0.0,0.0
3,4,0.36,2544,3600,0.64,1039,3600,0,0,0,0,0,0,0,0,0,0,0,0,1,5,2,3.6900000000000004,0.0
5,2,0.36,2544,3600,0.85,2244,3600,0,0,0,0,0,0,0,0,0,0,0,0,0,3,4,0.0,1.8840000000000003
3,4,0.85,2244,3600,1.1,1734,3600,0,0,0,0,0,0,0,0,0,0,0,0,1,3,4,4.093999999999999,0.0
3,4,0.85,2244,3600,1.3,2103,3600,0,0,0,0,0,0,0,0,0,0,0,0,1,4,3,1.3864999999999998,0.0
4,3,0.85,2244,3600,1.4,2474,3600,0,0,0,0,0,0,0,0,0,0,0,0,0,3,4,0.0,4.0169999999999995
3,4,1.4,2474,3600,1.54,2244,3600,0,0,0,0,0,0,0,0,0,0,0,0,1,4,3,1.7579999999999982,0.0
4,3,1.4,2474,3600,1.79,1469,3600,0,0,0,0,0,0,0,0,0,0,0,0,1,4,3,0.0,4.092
4,3,1.4,2474,3600,2.37,2682,3600,0,0,0,0,0,0,0,0,0,0,0,0,0,3,4,0.0,1.7970000000000006
3,4,2.37,2682,3600,2.77,2779,3600,0,0,0,0,0,0,0,0,0,0,0,0,0,4,3,4.376,0.0
4,3,2.77,2779,3600,2.92,2015,3600,0,0,0,0,0,0,0,0,0,0,0,0,1,5,2,0.0,2.5014999999999983
5,2,2.77,2779,3600,3.27,2469,3600,0,0,0,0,0,0,0,0,0,0,0,0,1,3,4,0.0,1.850999999999999
3,4,2.77,2779,3600,3.69,1019,3600,0,0,0,0,0,0,0,0,0,0,0,0,1,3,4,5.011749999999999,0.0
3,4,2.77,2779,3600,4.09,2066,3600,0,0,0,0,0,0,0,0,0,0,0,0,1,2,5,3.4217499999999985,0.0
2,5,2.77,2779,3600,4.26,2106,3600,0,0,0,0,0,0,0,0,0,0,0,0,1,4,3,2.231749999999998,0.0
4,3,2.77,2779,3600,4.55,2183,3600,0,0,0,0,0,0,0,0,0,0,0,0,1,3,4,0.0,4.006187499999999
3,4,2.77,2779,3600,4.65,1978,3600,0,0,0,0,0,0,0,0,0,0,0,0,1,4,3,1.6413125000000015,0.0
4,3,2.77,2779,3600,4.84,1937,3600,0,0,0,0,0,0,0,0,0,0,0,0,1,5,2,0.0,3.6161875000000023
5,2,2.77,2779,3600,5.05,2432,3600,0,0,0,0,0,0,0,0,0,0,0,0,1,3,4,0.0,2.1681250000000034
3,4,2.77,2779,3600,5.17,1297,3600,0,0,0,0,0,0,0,0,0,0,0,0,1,3,4,4.655906249999996,0.0
3,4,2.77,2779,3600,5.37,1311,3600,0,0,0,0,0,0,0,0,0,0,0,0,1,2,5,2.6309062499999936,0.0
2,5,2.77,2779,3600,5.61,2836,3600,0,0,0,0,0,0,0,0,0,0,0,0,0,4,3,2.2139062499999973,0.0
4,3,5.61,2836,3600,5.83,2793,3600,0,0,0,0,0,0,0,0,0,0,0,0,1,3,4,0.0,4.948570312499998
3,4,5.61,2836,3600,6.17,1245,3600,0,0,0,0,0,0,0,0,0,0,0,0,1,2,5,2.3189296875000007,0.0
2,5,5.61,2836,3600,6.5,2549,3600,0,0,0,0,0,0,0,0,0,0,0,0,1,4,3,2.4499531250000004,0.0
4,3,5.61,2836,3600,6.78,2895,3600,0,0,0,0,0,0,0,0,0,0,0,0,0,3,4,0.0,4.2495351562499994
3,4,6.78,2895,3600,6.96,1294,3600,0,0,0,0,0,0,0,0,0,0,0,0,1,5,2,2.9879648437499995,0.0
5,2,6.78,2895,3600,7.17,2744,3600,0,0,0,0,0,0,0,0,0,0,0,0,1,3,4,0.0,2.2840234375
3,4,6.78,2895,3600,7.38,2966,3600,0,0,0,0,0,0,0,0,0,0,0,0,0,4,3,4.3189648437499955,0.0
4,3,7.38,2966,3600,7.59,2640,3600,0,0,0,0,0,0,0,0,0,0,0,0,1,3,4,0.0,3.141035156250009
3,4,7.38,2966,3600,7.82,1003,3600,0,0,0,0,0,0,0,0,0,0,0,0,1,5,2,3.8664648437499913,0.0
5,2,7.38,2966,3600,7.96,2272,3600,0,0,0,0,0,0,0,0,0,0,0,0,1,6,1,0.0,0.9790234374999969
6,1,7.38,2966,3600,8.22,1400,3600,0,0,0,0,0,0,0,0,0,0,0,0,1,6,1,0.0,0.7461783854166661
6,1,7.38,2966,3600,8.39,1078,3600,0,0,0,0,0,0,0,0,0,0,0,0,1,3,4,0.0,0.259511718749998
3,4,7.38,2966,3600,8.71,2421,3600,0,0,0,0,0,0,0,0,0,0,0,0,1,4,3,3.150366210937502,0.0
4,3,7.38,2966,3600,8.81,1589,3600,0,0,0,0,0,0,0,0,0,0,0,0,1,5,2,0.0,2.452133789062497
5,2,7.38,2966,3600,8.9,1897,3600,0,0,0,0,0,0,0,0,0,0,0,0,1,5,2,0.0,1.9907558593749997
5,2,7.38,2966,3600,9.11,1511,3600,0,0,0,0,0,0,0,0,0,0,0,0,1,3,4,0.0,0.41075585937500136
3,4,7.38,2966,3600,9.22,2244,3600,0,0,0,0,0,0,0,0,0,0,0,0,1,4,3,4.02693310546875,0.0
4,3,7.38,2966,3600,9.35,2953,3600,0,0,0,0,0,0,0,0,0,0,0,0,1,3,4,0.0,1.4405668945312442
3,4,7.38,2966,3600,9.78,2230,3600,0,0,0,0,0,0,0,0,0,0,0,0,1,3,4,5.87943310546876,0.0
3,4,7.38,2966,3600,9.96,2576,3600,0,0,0,0,0,0,0,0,0,0,0,0,1,4,3,2.3919331054687554,0.0
4,3,7.38,2966,3600,10.19,1471,3600,0,0,0,0,0,0,0,0,0,0,0,0,1,2,5,0.0,4.447925170898429
2,5,7.38,2966,3600,10.49,1700,3600,0,0,0,0,0,0,0,0,0,0,0,0,1,2,5,1.5267165527343778,0.0
2,5,7.38,2966,3600,10.72,1498,3600,0,0,0,0,0,0,0,0,0,0,0,0,1,4,3,0.11071655273438097,0.0
4,3,7.38,2966,3600,11.08,1433,3600,0,0,0,0,0,0,0,0,0,0,0,0,1,2,5,0.0,4.098962585449215
2,5,7.38,2966,3600,11.26,2208,3600,0,0,0,0,0,0,0,0,0,0,0,0,1,4,3,1.089358276367193,0.0
4,3,7.38,2966,3600,11.51,2942,3600,0,0,0,0,0,0,0,0,0,0,0,0,1,3,4,0.0,5.208462585449212
3,4,7.38,2966,3600,11.61,2104,3600,0,0,0,0,0,0,0,0,0,0,0,0,1,2,5,2.071537414550786,0.0
2,5,7.38,2966,3600,0.0,0,0,0,0,0,0,0,0,0,0,0,0,0,0,0,2,5,1.6723582763671914,0.0
1,1,0.17,1659,3600,0.34,1838,3600,0,0,0,0,0,0,0,0,0,0,0,0,0,3,4,0.0,0.0
3,4,0.34,1838,3600,0.67,2752,3600,0,0,0,0,0,0,0,0,0,0,0,0,0,5,2,3.9699999999999998,0.0
5,2,0.67,2752,3600,0.84,1809,3600,0,0,0,0,0,0,0,0,0,0,0,0,1,5,2,0.0,2.7859999999999996
5,2,0.67,2752,3600,1.07,1841,3600,0,0,0,0,0,0,0,0,0,0,0,0,1,3,4,0.0,1.2779999999999996
3,4,0.67,2752,3600,1.32,1857,3600,0,0,0,0,0,0,0,0,0,0,0,0,1,5,2,4.012499999999999,0.0
5,2,0.67,2752,3600,1.73,2775,3600,0,0,0,0,0,0,0,0,0,0,0,0,0,3,4,0.0,2.2189999999999994
3,4,1.73,2775,3600,1.93,1447,3600,0,0,0,0,0,0,0,0,0,0,0,0,1,3,4,5.304000000000002,0.0
3,4,1.73,2775,3600,2.12,2337,3600,0,0,0,0,0,0,0,0,0,0,0,0,1,4,3,3.046500000000002,0.0
4,3,1.73,2775,3600,2.31,1036,3600,0,0,0,0,0,0,0,0,0,0,0,0,1,2,5,0.0,3.149499999999999
2,5,1.73,2775,3600,2.67,2585,3600,0,0,0,0,0,0,0,0,0,0,0,0,1,4,3,1.3590000000000018,0.0
4,3,1.73,2775,3600,2.72,1249,3600,0,0,0,0,0,0,0,0,0,0,0,0,1,4,3,0.0,4.971499999999998
4,3,1.73,2775,3600,2.85,1997,3600,0,0,0,0,0,0,0,0,0,0,0,0,1,5,2,0.0,3.021499999999997
5,2,1.73,2775,3600,3.61,1201,3600,0,0,0,0,0,0,0,0,0,0,0,0,1,5,2,0.0,2.0074999999999967
5,2,1.73,2775,3600,3.65,1794,3600,0,0,0,0,0,0,0,0,0,0,0,0,1,3,4,0.0,1.0074999999999967
3,4,1.73,2775,3600,3.99,1045,3600,0,0,0,0,0,0,0,0,0,0,0,0,1,5,2,3.7343750000000036,0.0
5,2,1.73,2775,3600,4.25,2584,3600,0,0,0,0,0,0,0,0,0,0,0,0,1,3,4,0.0,0.6877499999999976
3,4,1.73,2775,3600,4.47,1130,3600,0,0,0,0,0,0,0,0,0,0,0,0,1,3,4,5.983375000000005,0.0
3,4,1.73,2775,3600,4.59,1968,3600,0,0,0,0,0,0,0,0,0,0,0,0,1,5,2,4.220875000000004,0.0
5,2,1.73,2775,3600,4.87,2227,3600,0,0,0,0,0,0,0,0,0,0,0,0,1,3,4,0.0,2.720749999999999
3,4,1.73,2775,3600,4.99,2534,3600,0,0,0,0,0,0,0,0,0,0,0,0,1,4,3,3.6338750000000033,0.0
4,3,1.73,2775,3600,5.14,1796,3600,0,0,0,0,0,0,0,0,0,0,0,0,1,5,2,0.0,2.806124999999996
5,2,1.73,2775,3600,5.33,1287,3600,0,0,0,0,0,0,0,0,0,0,0,0,1,5,2,0.0,2.1347500000000004
5,2,1.73,2775,3600,5.54,1753,3600,0,0,0,0,0,0,0,0,0,0,0,0,1,3,4,0.0,1.0627500000000012
3,4,1.73,2775,3600,5.65,2950,3600,0,0,0,0,0,0,0,0,0,0,0,0,0,4,3,3.6569375000000015,0.0
4,3,5.65,2950,3600,5.92,1768,3600,0,0,0,0,0,0,0,0,0,0,0,0,1,5,2,0.0,3.035562500000003
5,2,5.65,2950,3600,6.29,2743,3600,0,0,0,0,0,0,0,0,0,0,0,0,1,3,4,0.0,2.4783749999999998
3,4,5.65,2950,3600,6.39,2777,3600,0,0,0,0,0,0,0,0,0,0,0,0,1,4,3,4.955218750000004,0.0
4,3,5.65,2950,3600,6.58,1433,3600,0,0,0,0,0,0,0,0,0,0,0,0,1,5,2,0.0,2.2622812499999974
5,2,5.65,2950,3600,6.72,1863,3600,0,0,0,0,0,0,0,0,0,0,0,0,1,5,2,0.0,2.2421874999999964
5,2,5.65,2950,3600,6.87,2423,3600,0,0,0,0,0,0,0,0,0,0,0,0,1,3,4,0.0,0.6901874999999968
3,4,5.65,2950,3600,7.14,1512,3600,0,0,0,0,0,0,0,0,0,0,0,0,1,3,4,5.696359374999995,0.0
3,4,5.65,2950,3600,7.29,1401,3600,0,0,0,0,0,0,0,0,0,0,0,0,1,5,2,3.333859374999996,0.0
5,2,5.65,2950,3600,7.41,2771,3600,0,0,0,0,0,0,0,0,0,0,0,0,1,3,4,0.0,2.044093750000002
3,4,5.65,2950,3600,7.61,2314,3600,0,0,0,0,0,0,0,0,0,0,0,0,1,3,4,4.893859374999995,0.0
3,4,5.65,2950,3600,7.71,2532,3600,0,0,0,0,0,0,0,0,0,0,0,0,1,4,3,1.2788593749999997,0.0
4,3,5.65,2950,3600,7.83,1300,3600,0,0,0,0,0,0,0,0,0,0,0,0,1,4,3,0.0,5.224605468749996
4,3,5.65,2950,3600,8.18,2014,3600,0,0,0,0,0,0,0,0,0,0,0,0,1,5,2,0.0,3.1921054687500003
5,2,5.65,2950,3600,8.37,2316,3600,0,0,0,0,0,0,0,0,0,0,0,0,1,3,4,0.0,2.1896054687499955
3,4,5.65,2950,3600,8.46,2271,3600,0,0,0,0,0,0,0,0,0,0,0,0,1,4,3,4.4377958984375,0.0
4,3,5.65,2950,3600,8.57,2691,3600,0,0,0,0,0,0,0,0,0,0,0,0,1,3,4,0.0,1.497204101562506
3,4,5.65,2950,3600,8.82,1637,3600,0,0,0,0,0,0,0,0,0,0,0,0,1,3,4,5.295295898437498,0.0
3,4,5.65,2950,3600,8.99,2823,3600,0,0,0,0,0,0,0,0,0,0,0,0,1,4,3,2.7377958984375006,0.0
4,3,5.65,2950,3600,9.06,1484,3600,0,0,0,0,0,0,0,0,0,0,0,0,1,2,5,0.0,4.466028076171874
2,5,5.65,2950,3600,9.4,1396,3600,0,0,0,0,0,0,0,0,0,0,0,0,1,2,5,1.6806479492187592,0.0
2,5,5.65,2950,3600,9.7,1677,3600,0,0,0,0,0,0,0,0,0,0,0,0,1,4,3,0.5166479492187577,0.0
4,3,5.65,2950,3600,9.85,2533,3600,0,0,0,0,0,0,0,0,0,0,0,0,1,3,4,0.0,3.97551403808594
3,4,5.65,2950,3600,10.21,1501,3600,0,0,0,0,0,0,0,0,0,0,0,0,1,2,5,2.1769859619140703,0.0
2,5,5.65,2950,3600,10.42,2453,3600,0,0,0,0,0,0,0,0,0,0,0,0,1,4,3,1.9593239746093758,0.0
4,3,5.65,2950,3600,10.65,1540,3600,0,0,0,0,0,0,0,0,0,0,0,0,1,2,5,0.0,4.579507019042975
2,5,5.65,2950,3600,0.0,0,0,0,0,0,0,0,0,0,0,0,0,0,0,0,2,5,1.519661987304687,0.0
1,1,0.3,2684,3600,0.47,1021,3600,0,0,0,0,0,0,0,0,0,0,0,0,0,4,3,0.0,0.0
4,3,0.47,1021,3600,0.94,2838,3600,0,0,0,0,0,0,0,0,0,0,0,0,0,5,2,6.79,0.0
5,2,0.94,2838,3600,1.2,1174,3600,0,0,0,0,0,0,0,0,0,0,0,0,1,3,4,0.0,0.23399999999999999
3,4,0.94,2838,3600,1.36,2090,3600,0,0,0,0,0,0,0,0,0,0,0,0,0,4,3,3.6965,0.0
4,3,1.36,2090,3600,1.46,2608,3600,0,0,0,0,0,0,0,0,0,0,0,0,0,3,4,0.0,2.8260000000000005
3,4,1.46,2608,3600,1.91,2573,3600,0,0,0,0,0,0,0,0,0,0,0,0,1,4,3,3.0015000000000005,0.0
4,3,1.46,2608,3600,2.55,2967,3600,0,0,0,0,0,0,0,0,0,0,0,0,0,3,4,0.0,3.446
3,4,2.55,2967,3600,2.77,2058,3600,0,0,0,0,0,0,0,0,0,0,0,0,1,2,5,3.323999999999999,0.0
2,5,2.55,2967,3600,2.97,1101,3600,0,0,0,0,0,0,0,0,0,0,0,0,1,5,2,2.3100000000000005,0.0
5,2,2.55,2967,3600,3.52,1024,3600,0,0,0,0,0,0,0,0,0,0,0,0,1,2,5,0.0,2.3956
2,5,2.55,2967,3600,3.62,1824,3600,0,0,0,0,0,0,0,0,0,0,0,0,1,4,3,1.1084000000000014,0.0
4,3,2.55,2967,3600,4.15,2815,3600,0,0,0,0,0,0,0,0,0,0,0,0,1,3,4,0.0,3.7348999999999997
3,4,2.55,2967,3600,4.32,2488,3600,0,0,0,0,0,0,0,0,0,0,0,0,1,4,3,3.075099999999999,0.0
4,3,2.55,2967,3600,4.42,2433,3600,0,0,0,0,0,0,0,0,0,0,0,0,1,3,4,0.0,3.5699000000000005
3,4,2.55,2967,3600,4.73,2399,3600,0,0,0,0,0,0,0,0,0,0,0,0,1,4,3,2.795099999999998,0.0
4,3,2.55,2967,3600,4.88,1322,3600,0,0,0,0,0,0,0,0,0,0,0,0,1,2,5,0.0,3.4723999999999986
2,5,2.55,2967,3600,5.01,1008,3600,0,0,0,0,0,0,0,0,0,0,0,0,1,2,5,1.7683999999999997,0.0
2,5,2.55,2967,3600,5.43,1632,3600,0,0,0,0,0,0,0,0,0,0,0,0,1,1,6,0.9283999999999999,0.0
1,6,2.55,2967,3600,5.56,1326,3600,0,0,0,0,0,0,0,0,0,0,0,0,1,1,6,0.7817333333333334,0.0
1,6,2.55,2967,3600,5.7,2843,3600,0,0,0,0,0,0,0,0,0,0,0,0,1,4,3,0.3217333333333343,0.0
4,3,2.55,2967,3600,5.8,2448,3600,0,0,0,0,0,0,0,0,0,0,0,0,1,4,3,0.0,6.713699999999994
4,3,2.55,2967,3600,5.95,2103,3600,0,0,0,0,0,0,0,0,0,0,0,0,1,5,2,0.0,2.888699999999993
5,2,2.55,2967,3600,6.36,2815,3600,0,0,0,0,0,0,0,0,0,0,0,0,1,3,4,0.0,2.1471333333333327
3,4,2.55,2967,3600,6.71,2251,3600,0,0,0,0,0,0,0,0,0,0,0,0,1,3,4,5.563649999999999,0.0
3,4,2.55,2967,3600,7.08,2400,3600,0,0,0,0,0,0,0,0,0,0,0,0,1,4,3,2.046150000000001,0.0
4,3,2.55,2967,3600,7.67,1705,3600,0,0,0,0,0,0,0,0,0,0,0,0,1,2,5,0.0,4.3447624999999945
2,5,2.55,2967,3600,7.96,2150,3600,0,0,0,0,0,0,0,0,0,0,0,0,1,2,5,1.9868250000000032,0.0
2,5,2.55,2967,3600,8.17,1461,3600,0,0,0,0,0,0,0,0,0,0,0,0,1,4,3,0.19482500000000158,0.0
4,3,2.55,2967,3600,8.33,1137,3600,0,0,0,0,0,0,0,0,0,0,0,0,1,2,5,0.0,4.237881250000001
2,5,2.55,2967,3600,8.51,1169,3600,0,0,0,0,0,0,0,0,0,0,0,0,1,4,3,0.3554124999999999,0.0
4,3,2.55,2967,3600,8.91,1870,3600,0,0,0,0,0,0,0,0,0,0,0,0,1,5,2,0.0,3.6843812500000066
5,2,2.55,2967,3600,9.1,1351,3600,0,0,0,0,0,0,0,0,0,0,0,0,1,5,2,0.0,1.709587500000005
5,2,2.55,2967,3600,9.3,1316,3600,0,0,0,0,0,0,0,0,0,0,0,0,1,6,1,0.0,0.5855875000000026
6,1,2.55,2967,3600,9.39,2068,3600,0,0,0,0,0,0,0,0,0,0,0,0,1,3,4,0.0,0.6909208333333368
3,4,2.55,2967,3600,9.49,2742,3600,0,0,0,0,0,0,0,0,0,0,0,0,1,4,3,4.819309375000003,0.0
4,3,2.55,2967,3600,9.69,2774,3600,0,0,0,0,0,0,0,0,0,0,0,0,1,3,4,0.0,1.9681906249999948
3,4,2.55,2967,3600,9.81,2463,3600,0,0,0,0,0,0,0,0,0,0,0,0,1,3,4,5.239309375000005,0.0
3,4,2.55,2967,3600,9.99,2766,3600,0,0,0,0,0,0,0,0,0,0,0,0,1,4,3,1.3918093750000082,0.0
4,3,2.55,2967,3600,10.22,1236,3600,0,0,0,0,0,0,0,0,0,0,0,0,1,4,3,0.0,5.678017968749998
4,3,2.55,2967,3600,10.34,2841,3600,0,0,0,0,0,0,0,0,0,0,0,0,1,3,4,0.0,3.7430179687499994
3,4,2.55,2967,3600,10.48,2927,3600,0,0,0,0,0,0,0,0,0,0,0,0,1,4,3,3.5964865234374983,0.0
4,3,2.55,2967,3600,10.64,2580,3600,0,0,0,0,0,0,0,0,0,0,0,0,1,3,4,0.0,3.983513476562493
3,4,2.55,2967,3600,10.78,1012,3600,0,0,0,0,0,0,0,0,0,0,0,0,1,5,2,2.9214865234375047,0.0
5,2,2.55,2967,3600,10.99,1801,3600,0,0,0,0,0,0,0,0,0,0,0,0,1,5,2,0.0,1.5970089843749946
5,2,2.55,2967,3600,11.15,2976,3600,0,0,0,0,0,0,0,0,0,0,0,0,0,3,4,0.0,0.09700898437499461
3,4,11.15,2976,3600,11.29,2228,3600,0,0,0,0,0,0,0,0,0,0,0,0,1,3,4,7.23224326171875,0.0
3,4,11.15,2976,3600,11.43,2326,3600,0,0,0,0,0,0,0,0,0,0,0,0,1,4,3,3.75224326171875,0.0
4,3,11.15,2976,3600,11.66,2041,3600,0,0,0,0,0,0,0,0,0,0,0,0,1,5,2,0.0,2.6427567382812427
5,2,11.15,2976,3600,11.97,1536,3600,0,0,0,0,0,0,0,0,0,0,0,0,1,5,2,0.0,1.6785044921874928
5,2,11.15,2976,3600,0.0,0,0,0,0,0,0,0,0,0,0,0,0,0,0,0,6,1,0.0,0.3985044921874916
1,1,0.12,2493,3600,0.2,2333,3600,0,0,0,0,0,0,0,0,0,0,0,0,0,4,3,0.0,0.0
4,3,0.2,2333,3600,0.47,2979,3600,0,0,0,0,0,0,0,0,0,0,0,0,0,5,2,5.67,0.0
5,2,0.47,2979,3600,0.69,2110,3600,0,0,0,0,0,0,0,0,0,0,0,0,1,5,2,0.0,2.944000000000001
5,2,0.47,2979,3600,0.8,1358,3600,0,0,0,0,0,0,0,0,0,0,0,0,1,5,2,0.0,1.1839999999999993
5,2,0.47,2979,3600,0.9,1826,3600,0,0,0,0,0,0,0,0,0,0,0,0,1,3,4,0.0,0.0519999999999996
3,4,0.47,2979,3600,1.3,2788,3600,0,0,0,0,0,0,0,0,0,0,0,0,1,4,3,4.609999999999999,0.0
4,3,0.47,2979,3600,1.45,2475,3600,0,0,0,0,0,0,0,0,0,0,0,0,1,3,4,0.0,2.1500000000000004
3,4,0.47,2979,3600,1.52,2581,3600,0,0,0,0,0,0,0,0,0,0,0,0,1,4,3,4.4624999999999995,0.0
4,3,0.47,2979,3600,1.69,1212,3600,0,0,0,0,0,0,0,0,0,0,0,0,1,5,2,0.0,2.2074999999999987
5,2,0.47,2979,3600,2.1,1969,3600,0,0,0,0,0,0,0,0,0,0,0,0,1,5,2,0.0,2.256999999999998
5,2,0.47,2979,3600,2.25,2935,3600,0,0,0,0,0,0,0,0,0,0,0,0,1,3,4,0.0,0.6169999999999973
3,4,0.47,2979,3600,2.36,1373,3600,0,0,0,0,0,0,0,0,0,0,0,0,1,3,4,6.877250000000004,0.0
3,4,0.47,2979,3600,2.43,1292,3600,0,0,0,0,0,0,0,0,0,0,0,0,1,3,4,4.732250000000004,0.0
3,4,0.47,2979,3600,2.89,2001,3600,0,0,0,0,0,0,0,0,0,0,0,0,1,2,5,2.714750000000003,0.0
2,5,0.47,2979,3600,3.13,1638,3600,0,0,0,0,0,0,0,0,0,0,0,0,1,2,5,1.7192500000000024,0.0
2,5,0.47,2979,3600,3.47,1759,3600,0,0,0,0,0,0,0,0,0,0,0,0,1,4,3,0.3552500000000016,0.0
4,3,0.47,2979,3600,3.81,1696,3600,0,0,0,0,0,0,0,0,0,0,0,0,1,2,5,0.0,4.416562500000001
2,5,0.47,2979,3600,4.04,1207,3600,0,0,0,0,0,0,0,0,0,0,0,0,1,2,5,1.561625000000003,0.0
2,5,0.47,2979,3600,4.78,1261,3600,0,0,0,0,0,0,0,0,0,0,0,0,1,1,6,0.5576250000000016,0.0
1,6,0.47,2979,3600,5.32,2942,3600,0,0,0,0,0,0,0,0,0,0,0,0,1,4,3,0.6212916666666679,0.0
4,3,0.47,2979,3600,5.37,2893,3600,0,0,0,0,0,0,0,0,0,0,0,0,1,4,3,0.0,6.650281249999994
4,3,0.47,2979,3600,5.94,1968,3600,0,0,0,0,0,0,0,0,0,0,0,0,1,5,2,0.0,2.127781249999993
5,2,0.47,2979,3600,6.11,2704,3600,0,0,0,0,0,0,0,0,0,0,0,0,1,3,4,0.0,1.821854166666661
3,4,0.47,2979,3600,6.94,1670,3600,0,0,0,0,0,0,0,0,0,0,0,0,1,3,4,5.4936093750000055,0.0
3,4,0.47,2979,3600,7.16,2687,3600,0,0,0,0,0,0,0,0,0,0,0,0,1,4,3,2.883609375000008,0.0
4,3,0.47,2979,3600,7.28,2008,3600,0,0,0,0,0,0,0,0,0,0,0,0,1,5,2,0.0,4.089792968749995
5,2,0.47,2979,3600,7.61,2822,3600,0,0,0,0,0,0,0,0,0,0,0,0,1,3,4,0.0,2.9211953124999965
3,4,0.47,2979,3600,8.35,1578,3600,0,0,0,0,0,0,0,0,0,0,0,0,1,3,4,4.943103515625008,0.0
3,4,0.47,2979,3600,8.66,2654,3600,0,0,0,0,0,0,0,0,0,0,0,0,1,4,3,2.4756035156250036,0.0
4,3,0.47,2979,3600,8.97,1470,3600,0,0,0,0,0,0,0,0,0,0,0,0,1,2,5,0.0,4.290172363281247
2,5,0.47,2979,3600,9.19,2674,3600,0,0,0,0,0,0,0,0,0,0,0,0,1,4,3,1.6745517578125018,0.0
4,3,0.47,2979,3600,9.39,1947,3600,0,0,0,0,0,0,0,0,0,0,0,0,1,4,3,0.0,5.353172363281246
4,3,0.47,2979,3600,9.58,2537,3600,0,0,0,0,0,0,0,0,0,0,0,0,1,3,4,0.0,2.308172363281244
3,4,0.47,2979,3600,9.85,2039,3600,0,0,0,0,0,0,0,0,0,0,0,0,1,5,2,4.320120727539063,0.0
5,2,0.47,2979,3600,10.1,1779,3600,0,0,0,0,0,0,0,0,0,0,0,0,1,5,2,0.0,2.780586181640622
5,2,0.47,2979,3600,10.51,1739,3600,0,0,0,0,0,0,0,0,0,0,0,0,1,3,4,0.0,1.2965861816406203
3,4,0.47,2979,3600,10.74,2332,3600,0,0,0,0,0,0,0,0,0,0,0,0,1,4,3,3.7605603637695317,0.0
4,3,0.47,2979,3600,11.29,2985,3600,0,0,0,0,0,0,0,0,0,0,0,0,0,3,4,0.0,2.004439636230469
3,4,11.29,2985,3600,11.44,2668,3600,0,0,0,0,0,0,0,0,0,0,0,0,1,4,3,5.420560363769535,0.0
4,3,11.29,2985,3600,11.59,2746,3600,0,0,0,0,0,0,0,0,0,0,0,0,1,3,4,0.0,1.6919396362304653
3,4,11.29,2985,3600,12.04,2951,3600,0,0,0,0,0,0,0,0,0,0,0,0,1,4,3,5.418060363769527,0.0
4,3,11.29,2985,3600,12.31,2407,3600,0,0,0,0,0,0,0,0,0,0,0,0,1,3,4,0.0,2.161939636230475
3,4,11.29,2985,3600,12.52,1209,3600,0,0,0,0,0,0,0,0,0,0,0,0,1,5,2,4.3855603637695175,0.0
5,2,11.29,2985,3600,13.73,2587,3600,0,0,0,0,0,0,0,0,0,0,0,0,1,6,1,0.0,0.9322930908203233
6,1,11.29,2985,3600,13.89,2630,3600,0,0,0,0,0,0,0,0,0,0,0,0,1,3,4,0.0,0.8278132120768262
3,4,11.29,2985,3600,14.06,1533,3600,0,0,0,0,0,0,0,0,0,0,0,0,1,3,4,6.8803900909423845,0.0
3,4,11.29,2985,3600,14.39,1060,3600,0,0,0,0,0,0,0,0,0,0,0,0,1,5,2,4.487890090942386,0.0
5,2,11.29,2985,3600,15.49,1410,3600,0,0,0,0,0,0,0,0,0,0,0,0,1,6,1,0.0,0.6794066060384125
6,1,11.29,2985,3600,15.68,1106,3600,0,0,0,0,0,0,0,0,0,0,0,0,1,5,2,0.0,0.9547033030192082
5,2,11.29,2985,3600,0.0,0,0,0,0,0,0,0,0,0,0,0,0,0,0,0,2,5,1.1382417424519886,0.0
1,1,0.32,1960,3600,0.43,2312,3600,0,0,0,0,0,0,0,0,0,0,0,0,0,3,4,0.0,0.0
3,4,0.43,2312,3600,0.63,1056,3600,0,0,0,0,0,0,0,0,0,0,0,0,1,5,2,5.040000000000001,0.0
5,2,0.43,2312,3600,0.81,2694,3600,0,0,0,0,0,0,0,0,0,0,0,0,0,3,4,0.0,1.1879999999999997
3,4,0.81,2694,3600,1.01,2073,3600,0,0,0,0,0,0,0,0,0,0,0,0,1,3,4,4.687999999999999,0.0
3,4,0.81,2694,3600,1.18,2600,3600,0,0,0,0,0,0,0,0,0,0,0,0,1,4,3,1.4480000000000004,0.0
4,3,0.81,2694,3600,1.39,2180,3600,0,0,0,0,0,0,0,0,0,0,0,0,1,4,3,0.0,5.143999999999998
4,3,0.81,2694,3600,1.67,2473,3600,0,0,0,0,0,0,0,0,0,0,0,0,1,3,4,0.0,1.7390000000000017
3,4,0.81,2694,3600,1.91,1713,3600,0,0,0,0,0,0,0,0,0,0,0,0,1,3,4,4.696999999999999,0.0
3,4,0.81,2694,3600,2.59,1307,3600,0,0,0,0,0,0,0,0,0,0,0,0,1,2,5,2.0195000000000007,0.0
2,5,0.81,2694,3600,2.74,1822,3600,0,0,0,0,0,0,0,0,0,0,0,0,1,2,5,1.823999999999998,0.0
2,5,0.81,2694,3600,2.83,2572,3600,0,0,0,0,0,0,0,0,0,0,0,0,1,4,3,0.3039999999999985,0.0
4,3,0.81,2694,3600,3.0,1536,3600,0,0,0,0,0,0,0,0,0,0,0,0,1,4,3,0.0,6.272000000000002
4,3,0.81,2694,3600,3.3,2173,3600,0,0,0,0,0,0,0,0,0,0,0,0,1,3,4,0.0,3.8720000000000026
3,4,0.81,2694,3600,3.55,1568,3600,0,0,0,0,0,0,0,0,0,0,0,0,1,2,5,1.9979999999999984,0.0
2,5,0.81,2694,3600,3.71,2933,3600,0,0,0,0,0,0,0,0,0,0,0,0,0,4,3,1.533999999999999,0.0
4,3,3.71,2933,3600,3.9,1318,3600,0,0,0,0,0,0,0,0,0,0,0,0,1,4,3,0.0,5.440499999999998
4,3,3.71,2933,3600,4.19,1178,3600,0,0,0,0,0,0,0,0,0,0,0,0,1,2,5,0.0,3.3779999999999983
2,5,3.71,2933,3600,4.36,2724,3600,0,0,0,0,0,0,0,0,0,0,0,0,1,4,3,1.6487999999999978,0.0
4,3,3.71,2933,3600,4.56,2913,3600,0,0,0,0,0,0,0,0,0,0,0,0,1,3,4,0.0,5.044299999999998
3,4,3.71,2933,3600,4.72,2952,3600,0,0,0,0,0,0,0,0,0,0,0,0,0,4,3,2.4457000000000004,0.0
4,3,4.72,2952,3600,4.9,1488,3600,0,0,0,0,0,0,0,0,0,0,0,0,1,4,3,0.0,5.181800000000001
4,3,4.72,2952,3600,5.09,1136,3600,0,0,0,0,0,0,0,0,0,0,0,0,1,2,5,0.0,2.8568
2,5,4.72,2952,3600,5.43,2582,3600,0,0,0,0,0,0,0,0,0,0,0,0,1,4,3,1.8472800000000014,0.0
4,3,4.72,2952,3600,5.72,1473,3600,0,0,0,0,0,0,0,0,0,0,0,0,1,2,5,0.0,4.38658
2,5,4.72,2952,3600,6.08,2507,3600,0,0,0,0,0,0,0,0,0,0,0,0,1,4,3,1.5802799999999984,0.0
4,3,4.72,2952,3600,6.16,2238,3600,0,0,0,0,0,0,0,0,0,0,0,0,1,4,3,0.0,5.152080000000003
4,3,4.72,2952,3600,6.66,1173,3600,0,0,0,0,0,0,0,0,0,0,0,0,1,5,2,0.0,1.6570800000000006
5,2,4.72,2952,3600,6.85,1941,3600,0,0,0,0,0,0,0,0,0,0,0,0,1,5,2,0.0,1.8460800000000006
5,2,4.72,2952,3600,7.04,2794,3600,0,0,0,0,0,0,0,0,0,0,0,0,1,3,4,0.0,0.23008000000000095
3,4,4.72,2952,3600,7.41,2300,3600,0,0,0,0,0,0,0,0,0,0,0,0,1,3,4,6.859440000000003,0.0
3,4,4.72,2952,3600,7.62,1888,3600,0,0,0,0,0,0,0,0,0,0,0,0,1,2,5,3.266939999999998,0.0
2,5,4.72,2952,3600,8.01,2995,3600,0,0,0,0,0,0,0,0,0,0,0,0,0,4,3,2.545959999999994,0.0
4,3,8.01,2995,3600,8.24,1225,3600,0,0,0,0,0,0,0,0,0,0,0,0,1,4,3,0.0,5.419530000000009
4,3,8.01,2995,3600,8.39,2738,3600,0,0,0,0,0,0,0,0,0,0,0,0,1,3,4,0.0,3.507030000000011
3,4,8.01,2995,3600,8.48,2343,3600,0,0,0,0,0,0,0,0,0,0,0,0,1,4,3,3.547852499999987,0.0
4,3,8.01,2995,3600,8.8,2484,3600,0,0,0,0,0,0,0,0,0,0,0,0,1,3,4,0.0,2.757147500000002
3,4,8.01,2995,3600,8.91,1076,3600,0,0,0,0,0,0,0,0,0,0,0,0,1,5,2,3.6428524999999965,0.0
5,2,8.01,2995,3600,9.46,2933,3600,0,0,0,0,0,0,0,0,0,0,0,0,1,3,4,0.0,1.1927650000000014
3,4,8.01,2995,3600,9.53,1493,3600,0,0,0,0,0,0,0,0,0,0,0,0,1,3,4,6.000852500000001,0.0
3,4,8.01,2995,3600,9.87,1021,3600,0,0,0,0,0,0,0,0,0,0,0,0,1,5,2,3.668352500000001,0.0
5,2,8.01,2995,3600,10.04,1414,3600,0,0,0,0,0,0,0,0,0,0,0,0,1,5,2,0.0,1.2846589999999978
5,2,8.01,2995,3600,10.2,2651,3600,0,0,0,0,0,0,0,0,0,0,0,0,1,3,4,0.0,0.10465899999999806
3,4,8.01,2995,3600,10.4,1541,3600,0,0,0,0,0,0,0,0,0,0,0,0,1,3,4,6.326505750000006,0.0
3,4,8.01,2995,3600,10.59,1105,3600,0,0,0,0,0,0,0,0,0,0,0,0,1,5,2,3.919005750000011,0.0
5,2,8.01,2995,3600,11.14,2562,3600,0,0,0,0,0,0,0,0,0,0,0,0,1,3,4,0.0,1.1593294999999912
3,4,8.01,2995,3600,11.22,1774,3600,0,0,0,0,0,0,0,0,0,0,0,0,1,3,4,5.326005750000014,0.0
3,4,8.01,2995,3600,11.51,2576,3600,0,0,0,0,0,0,0,0,0,0,0,0,1,4,3,2.5510057500000123,0.0
4,3,8.01,2995,3600,11.95,2276,3600,0,0,0,0,0,0,0,0,0,0,0,0,1,3,4,0.0,4.150495687499994
3,4,8.01,2995,3600,12.06,1094,3600,0,0,0,0,0,0,0,0,0,0,0,0,1,2,5,1.9320043124999948,0.0
2,5,8.01,2995,3600,0.0,0,0,0,0,0,0,0,0,0,0,0,0,0,0,0,3,4,1.956002875000003,0.0
1,1,0.65,2260,3600,0.72,1927,3600,0,0,0,0,0,0,0,0,0,0,0,0,0,4,3,0.0,0.0
4,3,0.72,1927,3600,0.88,2048,3600,0,0,0,0,0,0,0,0,0,0,0,0,0,5,2,7.3100000000000005,0.0
5,2,0.88,2048,3600,1.19,1073,3600,0,0,0,0,0,0,0,0,0,0,0,0,1,2,5,0.0,2.265999999999999
2,5,0.88,2048,3600,1.43,1549,3600,0,0,0,0,0,0,0,0,0,0,0,0,1,4,3,2.3800000000000003,0.0
4,3,0.88,2048,3600,1.57,2161,3600,0,0,0,0,0,0,0,0,0,0,0,0,0,3,4,0.0,1.339999999999999
3,4,1.57,2161,3600,1.64,1018,3600,0,0,0,0,0,0,0,0,0,0,0,0,1,3,4,3.7374999999999994,0.0
3,4,1.57,2161,3600,1.87,2411,3600,0,0,0,0,0,0,0,0,0,0,0,0,0,4,3,2.1475,0.0
4,3,1.87,2411,3600,2.07,1708,3600,0,0,0,0,0,0,0,0,0,0,0,0,1,5,2,0.0,3.286874999999999
5,2,1.87,2411,3600,2.27,2143,3600,0,0,0,0,0,0,0,0,0,0,0,0,1,3,4,0.0,2.267249999999999
3,4,1.87,2411,3600,2.46,1835,3600,0,0,0,0,0,0,0,0,0,0,0,0,1,3,4,3.827562500000001,0.0
3,4,1.87,2411,3600,2.78,2873,3600,0,0,0,0,0,0,0,0,0,0,0,0,0,1,6,0.9625625000000007,0.0
1,6,2.78,2873,3600,2.91,2639,3600,0,0,0,0,0,0,0,0,0,0,0,0,1,4,3,2.035895833333334,0.0
4,3,2.78,2873,3600,3.29,2096,3600,0,0,0,0,0,0,0,0,0,0,0,0,1,4,3,0.0,5.855578124999999
4,3,2.78,2873,3600,3.56,1632,3600,0,0,0,0,0,0,0,0,0,0,0,0,1,5,2,0.0,2.5780781249999984
5,2,2.78,2873,3600,3.9,2622,3600,0,0,0,0,0,0,0,0,0,0,0,0,1,3,4,0.0,2.1920520833333317
3,4,2.78,2873,3600,4.22,2815,3600,0,0,0,0,0,0,0,0,0,0,0,0,1,4,3,4.835960937499998,0.0
4,3,2.78,2873,3600,4.38,1249,3600,0,0,0,0,0,0,0,0,0,0,0,0,1,5,2,0.0,2.389039062500002
5,2,2.78,2873,3600,4.65,1198,3600,0,0,0,0,0,0,0,0,0,0,0,0,1,2,5,0.0,2.5060260416666686
2,5,2.78,2873,3600,4.92,1263,3600,0,0,0,0,0,0,0,0,0,0,0,0,1,2,5,2.121589583333332,0.0
2,5,2.78,2873,3600,5.07,2761,3600,0,0,0,0,0,0,0,0,0,0,0,0,1,4,3,1.0695895833333324,0.0
4,3,2.78,2873,3600,5.19,1045,3600,0,0,0,0,0,0,0,0,0,0,0,0,1,4,3,0.0,5.736807812499999
4,3,2.78,2873,3600,5.41,2528,3600,0,0,0,0,0,0,0,0,0,0,0,0,1,3,4,0.0,4.101807812499999
3,4,2.78,2873,3600,5.57,1466,3600,0,0,0,0,0,0,0,0,0,0,0,0,1,2,5,2.6023941406249946,0.0
2,5,2.78,2873,3600,5.85,1985,3600,0,0,0,0,0,0,0,0,0,0,0,0,1,2,5,2.2715960937499986,0.0
2,5,2.78,2873,3600,6.21,2947,3600,0,0,0,0,0,0,0,0,0,0,0,0,0,4,3,0.6155960937499998,0.0
4,3,6.21,2947,3600,7.01,2804,3600,0,0,0,0,0,0,0,0,0,0,0,0,1,4,3,0.0,6.770302929687498
4,3,6.21,2947,3600,7.23,2905,3600,0,0,0,0,0,0,0,0,0,0,0,0,1,3,4,0.0,2.3903029296875005
3,4,6.21,2947,3600,8.1,2260,3600,0,0,0,0,0,0,0,0,0,0,0,0,1,3,4,5.157197070312494,0.0
3,4,6.21,2947,3600,8.17,2059,3600,0,0,0,0,0,0,0,0,0,0,0,0,1,4,3,1.624697070312493,0.0
4,3,6.21,2947,3600,8.7,1140,3600,0,0,0,0,0,0,0,0,0,0,0,0,1,2,5,0.0,3.9546021972656256
2,5,6.21,2947,3600,8.82,2572,3600,0,0,0,0,0,0,0,0,0,0,0,0,1,4,3,0.8875985351562505,0.0
4,3,6.21,2947,3600,8.98,1858,3600,0,0,0,0,0,0,0,0,0,0,0,0,1,4,3,0.0,5.813602197265627
4,3,6.21,2947,3600,9.64,1508,3600,0,0,0,0,0,0,0,0,0,0,0,0,1,5,2,0.0,2.911102197265624
5,2,6.21,2947,3600,9.92,2792,3600,0,0,0,0,0,0,0,0,0,0,0,0,1,3,4,0.0,2.4714014648437512
3,4,6.21,2947,3600,10.05,1556,3600,0,0,0,0,0,0,0,0,0,0,0,0,1,3,4,4.908448901367191,0.0
3,4,6.21,2947,3600,10.44,1573,3600,0,0,0,0,0,0,0,0,0,0,0,0,1,2,5,2.4784489013671944,0.0
2,5,6.21,2947,3600,10.71,2263,3600,0,0,0,0,0,0,0,0,0,0,0,0,1,4,3,1.976448901367192,0.0
4,3,6.21,2947,3600,11.02,2085,3600,0,0,0,0,0,0,0,0,0,0,0,0,1,5,2,0.0,4.211663323974605
5,2,6.21,2947,3600,11.16,1196,3600,0,0,0,0,0,0,0,0,0,0,0,0,1,2,5,0.0,2.6417755493164066
2,5,6.21,2947,3600,11.24,1902,3600,0,0,0,0,0,0,0,0,0,0,0,0,1,2,5,2.474889780273436,0.0
2,5,6.21,2947,3600,11.37,2806,3600,0,0,0,0,0,0,0,0,0,0,0,0,1,4,3,0.890889780273433,0.0
4,3,6.21,2947,3600,11.59,2669,3600,0,0,0,0,0,0,0,0,0,0,0,0,1,4,3,0.0,6.369832664794931
4,3,6.21,2947,3600,11.72,1670,3600,0,0,0,0,0,0,0,0,0,0,0,0,1,5,2,0.0,2.199832664794929
5,2,6.21,2947,3600,11.91,1869,3600,0,0,0,0,0,0,0,0,0,0,0,0,1,5,2,0.0,2.024555109863286
5,2,6.21,2947,3600,12.08,1863,3600,0,0,0,0,0,0,0,0,0,0,0,0,1,3,4,0.0,0.4685551098632885
3,4,6.21,2947,3600,12.47,2351,3600,0,0,0,0,0,0,0,0,0,0,0,0,1,4,3,4.695583667602531,0.0
4,3,6.21,2947,3600,12.66,2794,3600,0,0,0,0,0,0,0,0,0,0,0,0,1,3,4,0.0,1.1744163323974703
3,4,6.21,2947,3600,12.97,1969,3600,0,0,0,0,0,0,0,0,0,0,0,0,1,3,4,5.870583667602528,0.0
3,4,6.21,2947,3600,13.28,1704,3600,0,0,0,0,0,0,0,0,0,0,0,0,1,2,5,2.795583667602532,0.0
2,5,6.21,2947,3600,0.0,0,0,0,0,0,0,0,0,0,0,0,0,0,0,0,3,4,2.3837224450683507,0.0
1,1,0.31,1481,3600,0.39,2204,3600,0,0,0,0,0,0,0,0,0,0,0,0,0,3,4,0.0,0.0
3,4,0.39,2204,3600,0.46,1165,3600,0,0,0,0,0,0,0,0,0,0,0,0,1,5,2,4.0200000000000005,0.0
5,2,0.39,2204,3600,0.85,2788,3600,0,0,0,0,0,0,0,0,0,0,0,0,0,3,4,0.0,1.4940000000000002
3,4,0.85,2788,3600,0.98,2466,3600,0,0,0,0,0,0,0,0,0,0,0,0,1,4,3,4.1715,0.0
4,3,0.85,2788,3600,1.33,1034,3600,0,0,0,0,0,0,0,0,0,0,0,0,1,5,2,0.0,2.116
5,2,0.85,2788,3600,1.57,1077,3600,0,0,0,0,0,0,0,0,0,0,0,0,1,2,5,0.0,2.2640000000000002
2,5,0.85,2788,3600,1.87,1977,3600,0,0,0,0,0,0,0,0,0,0,0,0,1,2,5,1.8504000000000005,0.0
2,5,0.85,2788,3600,1.99,1624,3600,0,0,0,0,0,0,0,0,0,0,0,0,1,4,3,0.2023999999999999,0.0
4,3,0.85,2788,3600,2.16,2859,3600,0,0,0,0,0,0,0,0,0,0,0,0,0,3,4,0.0,4.464200000000002
3,4,2.16,2859,3600,2.36,2386,3600,0,0,0,0,0,0,0,0,0,0,0,0,1,4,3,2.1907999999999985,0.0
4,3,2.16,2859,3600,2.87,2328,3600,0,0,0,0,0,0,0,0,0,0,0,0,1,3,4,0.0,4.231699999999998
3,4,2.16,2859,3600,3.33,2663,3600,0,0,0,0,0,0,0,0,0,0,0,0,1,4,3,1.8608000000000002,0.0
4,3,2.16,2859,3600,3.41,2920,3600,0,0,0,0,0,0,0,0,0,0,0,0,0,3,4,0.0,4.901699999999999
3,4,3.41,2920,3600,3.63,1780,3600,0,0,0,0,0,0,0,0,0,0,0,0,1,2,5,2.4457999999999984,0.0
2,5,3.41,2920,3600,4.22,1330,3600,0,0,0,0,0,0,0,0,0,0,0,0,1,2,5,2.1332000000000004,0.0
2,5,3.41,2920,3600,4.34,1383,3600,0,0,0,0,0,0,0,0,0,0,0,0,1,4,3,1.0252000000000017,0.0
4,3,3.41,2920,3600,4.78,2980,3600,0,0,0,0,0,0,0,0,0,0,0,0,0,3,4,0.0,2.9420999999999964
3,4,4.78,2980,3600,4.97,1576,3600,0,0,0,0,0,0,0,0,0,0,0,0,1,5,2,3.8579000000000008,0.0
5,2,4.78,2980,3600,5.27,1399,3600,0,0,0,0,0,0,0,0,0,0,0,0,1,5,2,0.0,2.3294000000000032
5,2,4.78,2980,3600,5.47,1541,3600,0,0,0,0,0,0,0,0,0,0,0,0,1,3,4,0.0,1.1654000000000018
3,4,4.78,2980,3600,5.64,1056,3600,0,0,0,0,0,0,0,0,0,0,0,0,1,5,2,3.2089500000000033,0.0
5,2,4.78,2980,3600,5.87,1964,3600,0,0,0,0,0,0,0,0,0,0,0,0,1,6,1,0.0,0.9166999999999987
6,1,4.78,2980,3600,5.94,2750,3600,0,0,0,0,0,0,0,0,0,0,0,0,1,3,4,0.0,0.8766833333333324
3,4,4.78,2980,3600,6.25,1837,3600,0,0,0,0,0,0,0,0,0,0,0,0,1,3,4,6.606237500000002,0.0
3,4,4.78,2980,3600,6.72,1015,3600,0,0,0,0,0,0,0,0,0,0,0,0,1,5,2,3.7337375000000037,0.0
5,2,4.78,2980,3600,6.9,1306,3600,0,0,0,0,0,0,0,0,0,0,0,0,1,5,2,0.0,1.1488416666666623
5,2,4.78,2980,3600,7.07,1438,3600,0,0,0,0,0,0,0,0,0,0,0,0,1,3,4,0.0,0.060841666666661354
3,4,4.78,2980,3600,7.47,2443,3600,0,0,0,0,0,0,0,0,0,0,0,0,1,4,3,3.7703687500000047,0.0
4,3,4.78,2980,3600,7.73,2042,3600,0,0,0,0,0,0,0,0,0,0,0,0,1,5,2,0.0,2.069631249999997
5,2,4.78,2980,3600,8.64,1258,3600,0,0,0,0,0,0,0,0,0,0,0,0,1,5,2,0.0,1.3764208333333308
5,2,4.78,2980,3600,8.76,2388,3600,0,0,0,0,0,0,0,0,0,0,0,0,1,3,4,0.0,0.3284208333333325
3,4,4.78,2980,3600,8.98,2497,3600,0,0,0,0,0,0,0,0,0,0,0,0,1,3,4,5.519684374999997,0.0
3,4,4.78,2980,3600,9.17,1226,3600,0,0,0,0,0,0,0,0,0,0,0,0,1,2,5,1.619684374999995,0.0
2,5,4.78,2980,3600,9.37,1920,3600,0,0,0,0,0,0,0,0,0,0,0,0,1,2,5,1.7197895833333234,0.0
2,5,4.78,2980,3600,9.98,2961,3600,0,0,0,0,0,0,0,0,0,0,0,0,1,4,3,0.11978958333332201,0.0
4,3,4.78,2980,3600,10.31,1452,3600,0,0,0,0,0,0,0,0,0,0,0,0,1,4,3,0.0,7.280157812500015
4,3,4.78,2980,3600,10.73,1695,3600,0,0,0,0,0,0,0,0,0,0,0,0,1,4,3,0.0,5.015157812500018
4,3,4.78,2980,3600,11.18,2196,3600,0,0,0,0,0,0,0,0,0,0,0,0,1,5,2,0.0,2.367657812500017
5,2,4.78,2980,3600,11.28,1263,3600,0,0,0,0,0,0,0,0,0,0,0,0,1,5,2,0.0,1.418157812500013
5,2,4.78,2980,3600,11.59,2463,3600,0,0,0,0,0,0,0,0,0,0,0,0,1,3,4,0.0,0.36615781250001334
3,4,4.78,2980,3600,11.64,1771,3600,0,0,0,0,0,0,0,0,0,0,0,0,1,3,4,5.644381640624992,0.0
3,4,4.78,2980,3600,11.81,1845,3600,0,0,0,0,0,0,0,0,0,0,0,0,1,2,5,2.876881640624994,0.0
2,5,4.78,2980,3600,12.0,1898,3600,0,0,0,0,0,0,0,0,0,0,0,0,1,2,5,2.0919210937499955,0.0
2,5,4.78,2980,3600,12.57,1624,3600,0,0,0,0,0,0,0,0,0,0,0,0,1,4,3,0.5119210937499972,0.0
4,3,4.78,2980,3600,12.79,2602,3600,0,0,0,0,0,0,0,0,0,0,0,0,1,3,4,0.0,4.181059179687502
3,4,4.78,2980,3600,12.92,1317,3600,0,0,0,0,0,0,0,0,0,0,0,0,1,2,5,2.0839408203125025,0.0
2,5,4.78,2980,3600,13.05,2465,3600,0,0,0,0,0,0,0,0,0,0,0,0,1,4,3,2.0999605468750033,0.0
4,3,4.78,2980,3600,13.26,1491,3600,0,0,0,0,0,0,0,0,0,0,0,0,1,2,5,0.0,4.387029589843749
2,5,4.78,2980,3600,13.33,1840,3600,0,0,0,0,0,0,0,0,0,0,0,0,1,2,5,1.5559802734375054,0.0
2,5,4.78,2980,3600,0.0,0,0,0,0,0,0,0,0,0,0,0,0,0,0,0,1,6,0.02398027343750897,0.0
1,1,0.58,2336,3600,0.73,2795,3600,0,0,0,0,0,0,0,0,0,0,0,0,1,4,3,0.0,0.0
4,3,0.58,2336,3600,1.22,2726,3600,0,0,0,0,0,0,0,0,0,0,0,0,0,5,2,8.74,0.0
5,2,1.22,2726,3600,1.47,1097,3600,0,0,0,0,0,0,0,0,0,0,0,0,1,5,2,0.0,2.242
5,2,1.22,2726,3600,1.97,1418,3600,0,0,0,0,0,0,0,0,0,0,0,0,1,5,2,0.0,1.3259999999999996
5,2,1.22,2726,3600,2.3,1513,3600,0,0,0,0,0,0,0,0,0,0,0,0,1,3,4,0.0,0.1459999999999999
3,4,1.22,2726,3600,2.57,2607,3600,0,0,0,0,0,0,0,0,0,0,0,0,1,4,3,3.9254999999999987,0.0
4,3,1.22,2726,3600,2.67,2401,3600,0,0,0,0,0,0,0,0,0,0,0,0,1,3,4,0.0,2.2919999999999994
3,4,1.22,2726,3600,2.99,1246,3600,0,0,0,0,0,0,0,0,0,0,0,0,1,5,2,4.065499999999999,0.0
5,2,1.22,2726,3600,3.1,2475,3600,0,0,0,0,0,0,0,0,0,0,0,0,1,3,4,0.0,1.2230000000000008
3,4,1.22,2726,3600,3.38,1978,3600,0,0,0,0,0,0,0,0,0,0,0,0,1,3,4,5.2754999999999965,0.0
3,4,1.22,2726,3600,3.48,2696,3600,0,0,0,0,0,0,0,0,0,0,0,0,1,4,3,2.185499999999996,0.0
4,3,1.22,2726,3600,3.85,1514,3600,0,0,0,0,0,0,0,0,0,0,0,0,1,4,3,0.0,4.724500000000003
4,3,1.22,2726,3600,4.0,1979,3600,0,0,0,0,0,0,0,0,0,0,0,0,1,5,2,0.0,2.3620000000000037
5,2,1.22,2726,3600,4.1,2763,3600,0,0,0,0,0,0,0,0,0,0,0,0,0,3,4,0.0,1.5015000000000054
3,4,4.1,2763,3600,4.71,2001,3600,0,0,0,0,0,0,0,0,0,0,0,0,1,3,4,5.789874999999998,0.0
3,4,4.1,2763,3600,4.83,2088,3600,0,0,0,0,0,0,0,0,0,0,0,0,1,4,3,2.662374999999999,0.0
4,3,4.1,2763,3600,5.03,1885,3600,0,0,0,0,0,0,0,0,0,0,0,0,1,5,2,0.0,3.1076250000000023
5,2,4.1,2763,3600,5.09,2871,3600,0,0,0,0,0,0,0,0,0,0,0,0,0,3,4,0.0,1.9497500000000052
3,4,5.09,2871,3600,5.4,1969,3600,0,0,0,0,0,0,0,0,0,0,0,0,1,3,4,5.476687499999995,0.0
3,4,5.09,2871,3600,5.49,2701,3600,0,0,0,0,0,0,0,0,0,0,0,0,1,4,3,2.401687499999994,0.0
4,3,5.09,2871,3600,5.65,1660,3600,0,0,0,0,0,0,0,0,0,0,0,0,1,4,3,0.0,4.597484375000004
4,3,5.09,2871,3600,5.89,2968,3600,0,0,0,0,0,0,0,0,0,0,0,0,0,3,4,0.0,2.0024843750000034
3,4,5.89,2968,3600,6.09,2375,3600,0,0,0,0,0,0,0,0,0,0,0,0,1,3,4,5.1268867187500025,0.0
3,4,5.89,2968,3600,6.31,1959,3600,0,0,0,0,0,0,0,0,0,0,0,0,1,4,3,1.4143867187500003,0.0
4,3,5.89,2968,3600,6.44,2446,3600,0,0,0,0,0,0,0,0,0,0,0,0,1,3,4,0.0,3.9473349609375
3,4,5.89,2968,3600,6.5,2844,3600,0,0,0,0,0,0,0,0,0,0,0,0,1,4,3,2.1726650390624975,0.0
4,3,5.89,2968,3600,6.66,2047,3600,0,0,0,0,0,0,0,0,0,0,0,0,1,4,3,0.0,5.022334960937497
4,3,5.89,2968,3600,7.12,1622,3600,0,0,0,0,0,0,0,0,0,0,0,0,1,5,2,0.0,1.827334960937499
5,2,5.89,2968,3600,7.3,2296,3600,0,0,0,0,0,0,0,0,0,0,0,0,1,3,4,0.0,1.5403349609374999
3,4,5.89,2968,3600,7.41,1934,3600,0,0,0,0,0,0,0,0,0,0,0,0,1,3,4,4.6387487792968685,0.0
3,4,5.89,2968,3600,7.85,2276,3600,0,0,0,0,0,0,0,0,0,0,0,0,1,4,3,1.6162487792968676,0.0
4,3,5.89,2968,3600,8.1,2301,3600,0,0,0,0,0,0,0,0,0,0,0,0,1,3,4,0.0,4.28343841552735
3,4,5.89,2968,3600,8.3,1362,3600,0,0,0,0,0,0,0,0,0,0,0,0,1,2,5,1.6915615844726517,0.0
2,5,5.89,2968,3600,8.82,2064,3600,0,0,0,0,0,0,0,0,0,0,0,0,1,4,3,1.588374389648429,0.0
4,3,5.89,2968,3600,8.98,1536,3600,0,0,0,0,0,0,0,0,0,0,0,0,1,2,5,0.0,3.960719207763681
2,5,5.89,2968,3600,9.1,1878,3600,0,0,0,0,0,0,0,0,0,0,0,0,1,2,5,1.706187194824217,0.0
2,5,5.89,2968,3600,9.33,2273,3600,0,0,0,0,0,0,0,0,0,0,0,0,1,4,3,0.14218719482421704,0.0
4,3,5.89,2968,3600,9.56,1233,3600,0,0,0,0,0,0,0,0,0,0,0,0,1,4,3,0.0,5.806359603881848
4,3,5.89,2968,3600,9.7,2842,3600,0,0,0,0,0,0,0,0,0,0,0,0,1,3,4,0.0,3.8788596038818532
3,4,5.89,2968,3600,9.88,2650,3600,0,0,0,0,0,0,0,0,0,0,0,0,1,4,3,3.2261403961181543,0.0
4,3,5.89,2968,3600,10.01,1259,3600,0,0,0,0,0,0,0,0,0,0,0,0,1,2,5,0.0,3.773859603881842
2,5,5.89,2968,3600,10.15,2514,3600,0,0,0,0,0,0,0,0,0,0,0,0,1,4,3,1.576093597412104,0.0
4,3,5.89,2968,3600,10.6,2046,3600,0,0,0,0,0,0,0,0,0,0,0,0,1,4,3,0.0,4.840859603881835
4,3,5.89,2968,3600,10.66,1482,3600,0,0,0,0,0,0,0,0,0,0,0,0,1,5,2,0.0,1.6458596038818314
5,2,5.89,2968,3600,10.74,1728,3600,0,0,0,0,0,0,0,0,0,0,0,0,1,5,2,0.0,1.4748596038818391
5,2,5.89,2968,3600,11.01,1186,3600,0,0,0,0,0,0,0,0,0,0,0,0,1,3,4,0.0,0.034859603881841394
3,4,5.89,2968,3600,11.19,1286,3600,0,0,0,0,0,0,0,0,0,0,0,0,1,5,2,3.5238552970886197,0.0
5,2,5.89,2968,3600,11.47,1132,3600,0,0,0,0,0,0,0,0,0,0,0,0,1,5,2,0.0,0.989429801940922
5,2,5.89,2968,3600,11.71,2636,3600,0,0,0,0,0,0,0,0,0,0,0,0,1,3,4,0.0,0.04542980194091939
3,4,5.89,2968,3600,0.0,0,0,0,0,0,0,0,0,0,0,0,0,0,0,0,3,4,6.163927648544302,0.0
1,1,0.29,2892,3600,0.49,1052,3600,0,0,0,0,0,0,0,0,0,0,0,0,0,4,3,0.0,0.0
4,3,0.49,1052,3600,0.73,1146,3600,0,0,0,0,0,0,0,0,0,0,0,0,0,5,2,7.18,0.0
5,2,0.73,1146,3600,0.88,2578,3600,0,0,0,0,0,0,0,0,0,0,0,0,0,3,4,0.0,0.18199999999999994
3,4,0.88,2578,3600,1.14,1463,3600,0,0,0,0,0,0,0,0,0,0,0,0,1,5,2,3.7594999999999996,0.0
5,2,0.88,2578,3600,1.41,2691,3600,0,0,0,0,0,0,0,0,0,0,0,0,0,3,4,0.0,1.3860000000000001
3,4,1.41,2691,3600,1.64,2874,3600,0,0,0,0,0,0,0,0,0,0,0,0,0,4,3,5.5785,0.0
4,3,1.64,2874,3600,1.9,2337,3600,0,0,0,0,0,0,0,0,0,0,0,0,1,3,4,0.0,1.3740000000000006
3,4,1.64,2874,3600,2.24,1575,3600,0,0,0,0,0,0,0,0,0,0,0,0,1,3,4,4.898499999999999,0.0
3,4,1.64,2874,3600,2.46,1809,3600,0,0,0,0,0,0,0,0,0,0,0,0,1,2,5,2.4384999999999986,0.0
2,5,1.64,2874,3600,2.6,1044,3600,0,0,0,0,0,0,0,0,0,0,0,0,1,2,5,1.7409999999999997,0.0
2,5,1.64,2874,3600,3.54,2824,3600,0,0,0,0,0,0,0,0,0,0,0,0,1,4,3,0.8689999999999998,0.0
4,3,1.64,2874,3600,3.72,2725,3600,0,0,0,0,0,0,0,0,0,0,0,0,1,4,3,0.0,5.88225
4,3,1.64,2874,3600,3.96,2395,3600,0,0,0,0,0,0,0,0,0,0,0,0,1,3,4,0.0,1.6222500000000002
3,4,1.64,2874,3600,4.29,1230,3600,0,0,0,0,0,0,0,0,0,0,0,0,1,3,4,4.837750000000002,0.0
3,4,1.64,2874,3600,4.38,1549,3600,0,0,0,0,0,0,0,0,0,0,0,0,1,2,5,2.9177500000000034,0.0
2,5,1.64,2874,3600,4.52,1439,3600,0,0,0,0,0,0,0,0,0,0,0,0,1,2,5,2.2657500000000006,0.0
2,5,1.64,2874,3600,4.67,2254,3600,0,0,0,0,0,0,0,0,0,0,0,0,1,4,3,1.0657500000000013,0.0
4,3,1.64,2874,3600,4.85,2241,3600,0,0,0,0,0,0,0,0,0,0,0,0,1,4,3,0.0,4.8006875
4,3,1.64,2874,3600,5.1,1419,3600,0,0,0,0,0,0,0,0,0,0,0,0,1,5,2,0.0,1.2981874999999992
5,2,1.64,2874,3600,5.42,2323,3600,0,0,0,0,0,0,0,0,0,0,0,0,1,3,4,0.0,1.2481249999999982
3,4,1.64,2874,3600,5.72,2960,3600,0,0,0,0,0,0,0,0,0,0,0,0,0,4,3,4.791906250000002,0.0
4,3,5.72,2960,3600,6.43,1855,3600,0,0,0,0,0,0,0,0,0,0,0,0,1,5,2,0.0,2.4080937499999937
5,2,5.72,2960,3600,6.76,1342,3600,0,0,0,0,0,0,0,0,0,0,0,0,1,5,2,0.0,2.058062499999995
5,2,5.72,2960,3600,6.85,2005,3600,0,0,0,0,0,0,0,0,0,0,0,0,1,6,1,0.0,0.9380624999999938
6,1,5.72,2960,3600,7.37,1510,3600,0,0,0,0,0,0,0,0,0,0,0,0,1,6,1,0.0,0.8013958333333289
6,1,5.72,2960,3600,7.53,2655,3600,0,0,0,0,0,0,0,0,0,0,0,0,1,3,4,0.0,0.2763958333333285
3,4,5.72,2960,3600,7.65,1327,3600,0,0,0,0,0,0,0,0,0,0,0,0,1,3,4,6.503953125000004,0.0
3,4,5.72,2960,3600,7.8,1277,3600,0,0,0,0,0,0,0,0,0,0,0,0,1,5,2,4.433953125000006,0.0
5,2,5.72,2960,3600,8.01,2759,3600,0,0,0,0,0,0,0,0,0,0,0,0,1,3,4,0.0,1.178697916666664
3,4,5.72,2960,3600,8.1,2032,3600,0,0,0,0,0,0,0,0,0,0,0,0,1,3,4,5.976953125000005,0.0
3,4,5.72,2960,3600,8.27,2466,3600,0,0,0,0,0,0,0,0,0,0,0,0,1,4,3,2.804453125000002,0.0
4,3,5.72,2960,3600,8.47,1955,3600,0,0,0,0,0,0,0,0,0,0,0,0,1,5,2,0.0,3.7730468750000057
5,2,5.72,2960,3600,8.59,1185,3600,0,0,0,0,0,0,0,0,0,0,0,0,1,2,5,0.0,2.600697916666668
2,5,5.72,2960,3600,9.03,1700,3600,0,0,0,0,0,0,0,0,0,0,0,0,1,2,5,2.4065208333333317,0.0
2,5,5.72,2960,3600,9.24,1104,3600,0,0,0,0,0,0,0,0,0,0,0,0,1,2,5,0.9905208333333348,0.0
2,5,5.72,2960,3600,9.39,1424,3600,0,0,0,0,0,0,0,0,0,0,0,0,1,4,3,0.07052083333333314,0.0
4,3,5.72,2960,3600,9.57,2009,3600,0,0,0,0,0,0,0,0,0,0,0,0,1,5,2,0.0,3.6071093749999967
5,2,5.72,2960,3600,9.68,1269,3600,0,0,0,0,0,0,0,0,0,0,0,0,1,5,2,0.0,1.7187395833333312
5,2,5.72,2960,3600,10.16,1543,3600,0,0,0,0,0,0,0,0,0,0,0,0,1,6,1,0.0,0.6627395833333338
6,1,5.72,2960,3600,10.32,1312,3600,0,0,0,0,0,0,0,0,0,0,0,0,1,6,1,0.0,0.6557395833333324
6,1,5.72,2960,3600,10.69,1961,3600,0,0,0,0,0,0,0,0,0,0,0,0,1,3,4,0.0,0.20073958333333408
3,4,5.72,2960,3600,10.76,2141,3600,0,0,0,0,0,0,0,0,0,0,0,0,1,3,4,4.963195312499998,0.0
3,4,5.72,2960,3600,10.91,2888,3600,0,0,0,0,0,0,0,0,0,0,0,0,1,4,3,1.6181953125000028,0.0
4,3,5.72,2960,3600,11.04,2792,3600,0,0,0,0,0,0,0,0,0,0,0,0,1,3,4,0.0,5.424304687499998
3,4,5.72,2960,3600,11.35,1763,3600,0,0,0,0,0,0,0,0,0,0,0,0,1,2,5,1.9006953125000123,0.0
2,5,5.72,2960,3600,11.56,2035,3600,0,0,0,0,0,0,0,0,0,0,0,0,1,2,5,1.7391302083333358,0.0
2,5,5.72,2960,3600,11.81,1092,3600,0,0,0,0,0,0,0,0,0,0,0,0,1,4,3,0.043130208333337805,0.0
4,3,5.72,2960,3600,11.95,2114,3600,0,0,0,0,0,0,0,0,0,0,0,0,1,5,2,0.0,3.51965234375
5,2,5.72,2960,3600,12.1,2393,3600,0,0,0,0,0,0,0,0,0,0,0,0,1,3,4,0.0,1.3464348958333332
3,4,5.72,2960,3600,0.0,0,0,0,0,0,0,0,0,0,0,0,0,0,0,0,3,4,4.680347656250003,0.0
1,1,0.04,2075,3600,0.28,1517,3600,0,0,0,0,0,0,0,0,0,0,0,0,0,4,3,0.0,0.0
4,3,0.28,1517,3600,0.46,1841,3600,0,0,0,0,0,0,0,0,0,0,0,0,0,5,2,4.48,0.0
5,2,0.46,1841,3600,0.88,2995,3600,0,0,0,0,0,0,0,0,0,0,0,0,0,5,2,0.0,1.912
5,2,0.88,2995,3600,1.21,2719,3600,0,0,0,0,0,0,0,0,0,0,0,0,1,3,4,0.0,0.3759999999999999
3,4,0.88,2995,3600,1.59,2373,3600,0,0,0,0,0,0,0,0,0,0,0,0,0,3,4,6.53,0.0
3,4,1.59,2373,3600,1.79,2624,3600,0,0,0,0,0,0,0,0,0,0,0,0,0,4,3,1.85,0.0
4,3,1.79,2624,3600,2.16,2523,3600,0,0,0,0,0,0,0,0,0,0,0,0,1,3,4,0.0,4.504999999999999
3,4,1.79,2624,3600,2.45,1665,3600,0,0,0,0,0,0,0,0,0,0,0,0,1,2,5,1.9899999999999993,0.0
2,5,1.79,2624,3600,2.53,1846,3600,0,0,0,0,0,0,0,0,0,0,0,0,1,2,5,1.6920000000000002,0.0
2,5,1.79,2624,3600,3.26,2298,3600,0,0,0,0,0,0,0,0,0,0,0,0,1,4,3,0.15200000000000102,0.0
4,3,1.79,2624,3600,3.36,1622,3600,0,0,0,0,0,0,0,0,0,0,0,0,1,4,3,0.0,5.830999999999999
4,3,1.79,2624,3600,3.54,2564,3600,0,0,0,0,0,0,0,0,0,0,0,0,1,3,4,0.0,3.2959999999999994
3,4,1.79,2624,3600,3.67,2569,3600,0,0,0,0,0,0,0,0,0,0,0,0,1,4,3,3.241500000000002,0.0
4,3,1.79,2624,3600,3.83,2601,3600,0,0,0,0,0,0,0,0,0,0,0,0,1,3,4,0.0,3.4434999999999985
3,4,1.79,2624,3600,4.5,2559,3600,0,0,0,0,0,0,0,0,0,0,0,0,1,4,3,3.314,0.0
4,3,1.79,2624,3600,4.59,2987,3600,0,0,0,0,0,0,0,0,0,0,0,0,0,3,4,0.0,3.3710000000000004
3,4,4.59,2987,3600,4.84,2845,3600,0,0,0,0,0,0,0,0,0,0,0,0,1,4,3,3.431500000000005,0.0
4,3,4.59,2987,3600,5.0,2419,3600,0,0,0,0,0,0,0,0,0,0,0,0,1,3,4,0.0,3.865999999999998
3,4,4.59,2987,3600,5.25,2282,3600,0,0,0,0,0,0,0,0,0,0,0,0,1,4,3,2.656500000000001,0.0
4,3,4.59,2987,3600,5.79,2209,3600,0,0,0,0,0,0,0,0,0,0,0,0,1,5,2,0.0,3.3535000000000004
5,2,4.59,2987,3600,6.09,1431,3600,0,0,0,0,0,0,0,0,0,0,0,0,1,5,2,0.0,1.9789999999999992
5,2,4.59,2987,3600,6.4,1642,3600,0,0,0,0,0,0,0,0,0,0,0,0,1,6,1,0.0,0.786999999999999
6,1,4.59,2987,3600,6.51,1753,3600,0,0,0,0,0,0,0,0,0,0,0,0,1,6,1,0.0,0.8129999999999988
6,1,4.59,2987,3600,6.81,1011,3600,0,0,0,0,0,0,0,0,0,0,0,0,1,3,4,0.0,0.20466666666666633
3,4,4.59,2987,3600,7.06,1539,3600,0,0,0,0,0,0,0,0,0,0,0,0,1,5,2,3.325249999999995,0.0
5,2,4.59,2987,3600,7.16,2934,3600,0,0,0,0,0,0,0,0,0,0,0,0,1,3,4,0.0,1.5558333333333358
3,4,4.59,2987,3600,7.94,1581,3600,0,0,0,0,0,0,0,0,0,0,0,0,1,3,4,6.183749999999998,0.0
3,4,4.59,2987,3600,8.54,1176,3600,0,0,0,0,0,0,0,0,0,0,0,0,1,5,2,3.7162499999999987,0.0
5,2,4.59,2987,3600,8.69,2286,3600,0,0,0,0,0,0,0,0,0,0,0,0,1,3,4,0.0,1.6018333333333388
3,4,4.59,2987,3600,8.88,2478,3600,0,0,0,0,0,0,0,0,0,0,0,0,1,4,3,4.194749999999992,0.0
4,3,4.59,2987,3600,8.97,2300,3600,0,0,0,0,0,0,0,0,0,0,0,0,1,3,4,0.0,2.1552499999999988
3,4,4.59,2987,3600,9.21,1097,3600,0,0,0,0,0,0,0,0,0,0,0,0,1,5,2,3.924750000000003,0.0
5,2,4.59,2987,3600,9.43,1159,3600,0,0,0,0,0,0,0,0,0,0,0,0,1,6,1,0.0,0.9508333333333354
6,1,4.59,2987,3600,9.67,2527,3600,0,0,0,0,0,0,0,0,0,0,0,0,1,3,4,0.0,1.21875
3,4,4.59,2987,3600,9.82,1598,3600,0,0,0,0,0,0,0,0,0,0,0,0,1,3,4,5.2496875,0.0
3,4,4.59,2987,3600,10.03,2876,3600,0,0,0,0,0,0,0,0,0,0,0,0,1,4,3,2.7521875000000016,0.0
4,3,4.59,2987,3600,10.14,2965,3600,0,0,0,0,0,0,0,0,0,0,0,0,1,3,4,0.0,4.550234375000002
3,4,4.59,2987,3600,10.36,1490,3600,0,0,0,0,0,0,0,0,0,0,0,0,1,5,2,3.127265624999996,0.0
5,2,4.59,2987,3600,10.67,1654,3600,0,0,0,0,0,0,0,0,0,0,0,0,1,5,2,0.0,2.66315625
5,2,4.59,2987,3600,10.87,1383,3600,0,0,0,0,0,0,0,0,0,0,0,0,1,5,2,0.0,1.2831562499999976
5,2,4.59,2987,3600,11.05,1844,3600,0,0,0,0,0,0,0,0,0,0,0,0,1,3,4,0.0,0.13115624999999653
3,4,4.59,2987,3600,11.3,1667,3600,0,0,0,0,0,0,0,0,0,0,0,0,1,5,2,4.605632812500012,0.0
5,2,4.59,2987,3600,11.55,1306,3600,0,0,0,0,0,0,0,0,0,0,0,0,1,5,2,0.0,1.4235781249999917
5,2,4.59,2987,3600,12.24,2928,3600,0,0,0,0,0,0,0,0,0,0,0,0,1,3,4,0.0,0.33557812499999073
3,4,4.59,2987,3600,12.48,2646,3600,0,0,0,0,0,0,0,0,0,0,0,0,1,3,4,6.664316406250013,0.0
3,4,4.59,2987,3600,12.78,2541,3600,0,0,0,0,0,0,0,0,0,0,0,0,1,4,3,2.531816406250009,0.0
4,3,4.59,2987,3600,12.95,2132,3600,0,0,0,0,0,0,0,0,0,0,0,0,1,5,2,0.0,4.283183593749996
5,2,4.59,2987,3600,13.14,1346,3600,0,0,0,0,0,0,0,0,0,0,0,0,1,2,5,0.0,2.842789062499996
2,5,4.59,2987,3600,13.21,1109,3600,0,0,0,0,0,0,0,0,0,0,0,0,1,5,2,2.7284843750000007,0.0
5,2,4.59,2987,3600,0.0,0,0,0,0,0,0,0,0,0,0,0,0,0,0,0,5,2,0.0,1.2615156250000013
1,1,0.09,1476,3600,0.24,1923,3600,0,0,0,0,0,0,0,0,0,0,0,0,0,3,4,0.0,0.0
3,4,0.24,1923,3600,0.36,1591,3600,0,0,0,0,0,0,0,0,0,0,0,0,0,4,3,3.35,0.0
4,3,0.36,1591,3600,0.62,2824,3600,0,0,0,0,0,0,0,0,0,0,0,0,0,5,2,0.0,2.15
5,2,0.62,2824,3600,0.94,2494,3600,0,0,0,0,0,0,0,0,0,0,0,0,1,3,4,0.0,1.4459999999999993
3,4,0.62,2824,3600,1.32,2482,3600,0,0,0,0,0,0,0,0,0,0,0,0,1,4,3,5.108500000000001,0.0
4,3,0.62,2824,3600,1.51,1289,3600,0,0,0,0,0,0,0,0,0,0,0,0,1,5,2,0.0,1.3614999999999986
5,2,0.62,2824,3600,1.76,1516,3600,0,0,0,0,0,0,0,0,0,0,0,0,1,5,2,0.0,1.554999999999998
5,2,0.62,2824,3600,1.95,2383,3600,0,0,0,0,0,0,0,0,0,0,0,0,1,3,4,0.0,0.2909999999999977
3,4,0.62,2824,3600,2.1,1146,3600,0,0,0,0,0,0,0,0,0,0,0,0,1,3,4,5.689749999999999,0.0
3,4,0.62,2824,3600,2.17,1083,3600,0,0,0,0,0,0,0,0,0,0,0,0,1,5,2,3.8972499999999988,0.0
5,2,0.62,2824,3600,2.44,2276,3600,0,0,0,0,0,0,0,0,0,0,0,0,1,3,4,0.0,0.9845000000000006
3,4,0.62,2824,3600,2.52,1268,3600,0,0,0,0,0,0,0,0,0,0,0,0,1,3,4,4.958249999999998,0.0
3,4,0.62,2824,3600,2.78,1665,3600,0,0,0,0,0,0,0,0,0,0,0,0,1,2,5,2.9782499999999974,0.0
2,5,0.62,2824,3600,2.98,2586,3600,0,0,0,0,0,0,0,0,0,0,0,0,1,4,3,2.1774999999999984,0.0
4,3,0.62,2824,3600,3.25,1716,3600,0,0,0,0,0,0,0,0,0,0,0,0,1,4,3,0.0,4.797874999999998
4,3,0.62,2824,3600,3.35,1652,3600,0,0,0,0,0,0,0,0,0,0,0,0,1,5,2,0.0,2.112874999999999
5,2,0.62,2824,3600,3.48,1073,3600,0,0,0,0,0,0,0,0,0,0,0,0,1,5,2,0.0,1.6318750000000009
5,2,0.62,2824,3600,3.57,1060,3600,0,0,0,0,0,0,0,0,0,0,0,0,1,6,1,0.0,0.7358750000000001
6,1,0.62,2824,3600,3.87,1051,3600,0,0,0,0,0,0,0,0,0,0,0,0,1,6,1,0.0,0.8155416666666646
6,1,0.62,2824,3600,4.02,1481,3600,0,0,0,0,0,0,0,0,0,0,0,0,1,3,4,0.0,0.4505416666666644
3,4,0.62,2824,3600,4.22,1471,3600,0,0,0,0,0,0,0,0,0,0,0,0,1,5,2,3.5733437499999976,0.0
5,2,0.62,2824,3600,4.27,1541,3600,0,0,0,0,0,0,0,0,0,0,0,0,1,5,2,0.0,1.5017708333333317
5,2,0.62,2824,3600,4.46,2669,3600,0,0,0,0,0,0,0,0,0,0,0,0,1,3,4,0.0,0.2177708333333328
3,4,0.62,2824,3600,4.65,2480,3600,0,0,0,0,0,0,0,0,0,0,0,0,1,3,4,6.359671875,0.0
3,4,0.62,2824,3600,4.88,2619,3600,0,0,0,0,0,0,0,0,0,0,0,0,1,4,3,2.482171874999999,0.0
4,3,0.62,2824,3600,5.1,1152,3600,0,0,0,0,0,0,0,0,0,0,0,0,1,2,5,0.0,4.367828125000001
2,5,0.62,2824,3600,5.4,2821,3600,0,0,0,0,0,0,0,0,0,0,0,0,0,4,3,0.9441145833333309,0.0
4,3,5.4,2821,3600,5.6,2483,3600,0,0,0,0,0,0,0,0,0,0,0,0,1,4,3,0.0,6.263828125
4,3,5.4,2821,3600,5.84,1805,3600,0,0,0,0,0,0,0,0,0,0,0,0,1,5,2,0.0,2.3863281249999986
5,2,5.4,2821,3600,6.02,1257,3600,0,0,0,0,0,0,0,0,0,0,0,0,1,5,2,0.0,2.0468854166666652
5,2,5.4,2821,3600,6.25,1145,3600,0,0,0,0,0,0,0,0,0,0,0,0,1,5,2,0.0,0.998885416666667
5,2,5.4,2821,3600,6.47,1904,3600,0,0,0,0,0,0,0,0,0,0,0,0,1,3,4,0.0,0.04288541666666745
3,4,5.4,2821,3600,6.87,1615,3600,0,0,0,0,0,0,0,0,0,0,0,0,1,3,4,4.654835937499996,0.0
3,4,5.4,2821,3600,7.24,1104,3600,0,0,0,0,0,0,0,0,0,0,0,0,1,2,5,2.1348359374999966,0.0
2,5,5.4,2821,3600,7.36,1170,3600,0,0,0,0,0,0,0,0,0,0,0,0,1,2,5,1.826557291666667,0.0
2,5,5.4,2821,3600,7.65,2711,3600,0,0,0,0,0,0,0,0,0,0,0,0,1,4,3,0.8505572916666679,0.0
4,3,5.4,2821,3600,8.21,1771,3600,0,0,0,0,0,0,0,0,0,0,0,0,1,4,3,0.0,5.744082031250002
4,3,5.4,2821,3600,8.38,1567,3600,0,0,0,0,0,0,0,0,0,0,0,0,1,5,2,0.0,2.976582031250004
5,2,5.4,2821,3600,8.63,2429,3600,0,0,0,0,0,0,0,0,0,0,0,0,1,3,4,0.0,2.563721354166667
3,4,5.4,2821,3600,9.41,1250,3600,0,0,0,0,0,0,0,0,0,0,0,0,1,5,2,4.115208984374998,0.0
5,2,5.4,2821,3600,9.76,1706,3600,0,0,0,0,0,0,0,0,0,0,0,0,1,3,4,0.0,1.2058606770833364
3,4,5.4,2821,3600,9.84,1889,3600,0,0,0,0,0,0,0,0,0,0,0,0,1,2,5,3.6912089843750024,0.0
2,5,5.4,2821,3600,10.2,2508,3600,0,0,0,0,0,0,0,0,0,0,0,0,1,4,3,2.0681393229166645,0.0
4,3,5.4,2821,3600,10.47,1411,3600,0,0,0,0,0,0,0,0,0,0,0,0,1,4,3,0.0,4.7802910156249965
4,3,5.4,2821,3600,10.57,1256,3600,0,0,0,0,0,0,0,0,0,0,0,0,1,5,2,0.0,2.575291015624998
5,2,5.4,2821,3600,10.73,2814,3600,0,0,0,0,0,0,0,0,0,0,0,0,1,3,4,0.0,2.262291015625003
3,4,5.4,2821,3600,10.87,2542,3600,0,0,0,0,0,0,0,0,0,0,0,0,1,4,3,4.949281738281254,0.0
4,3,5.4,2821,3600,11.03,2316,3600,0,0,0,0,0,0,0,0,0,0,0,0,1,3,4,0.0,1.815718261718743
3,4,5.4,2821,3600,11.14,2348,3600,0,0,0,0,0,0,0,0,0,0,0,0,1,4,3,4.329281738281253,0.0
4,3,5.4,2821,3600,0.0,0,0,0,0,0,0,0,0,0,0,0,0,0,0,0,4,3,0.0,1.7657182617187352
1,1,0.19,1147,3600,0.74,2500,3600,0,0,0,0,0,0,0,0,0,0,0,0,0,3,4,0.0,0.0
3,4,0.74,2500,3600,0.92,2018,3600,0,0,0,0,0,0,0,0,0,0,0,0,1,4,3,2.9600000000000004,0.0
4,3,0.74,2500,3600,1.05,1697,3600,0,0,0,0,0,0,0,0,0,0,0,0,1,2,5,0.0,4.5975
2,5,0.74,2500,3600,1.18,1265,3600,0,0,0,0,0,0,0,0,0,0,0,0,1,2,5,2.12,0.0
2,5,0.74,2500,3600,1.4,2734,3600,0,0,0,0,0,0,0,0,0,0,0,0,0,4,3,1.064,0.0
4,3,1.4,2734,3600,1.76,2971,3600,0,0,0,0,0,0,0,0,0,0,0,0,0,3,4,0.0,5.204
3,4,1.76,2971,3600,2.04,1157,3600,0,0,0,0,0,0,0,0,0,0,0,0,1,2,5,1.7984999999999998,0.0
2,5,1.76,2971,3600,2.16,1826,3600,0,0,0,0,0,0,0,0,0,0,0,0,1,2,5,2.135,0.0
2,5,1.76,2971,3600,2.35,2002,3600,0,0,0,0,0,0,0,0,0,0,0,0,1,4,3,0.6150000000000002,0.0
4,3,1.76,2971,3600,2.87,1954,3600,0,0,0,0,0,0,0,0,0,0,0,0,1,4,3,0.0,4.84875
4,3,1.76,2971,3600,3.15,1319,3600,0,0,0,0,0,0,0,0,0,0,0,0,1,5,2,0.0,1.7962499999999997
5,2,1.76,2971,3600,3.51,2089,3600,0,0,0,0,0,0,0,0,0,0,0,0,1,3,4,0.0,1.4875000000000007
3,4,1.76,2971,3600,3.76,1548,3600,0,0,0,0,0,0,0,0,0,0,0,0,1,5,2,4.059374999999998,0.0
5,2,1.76,2971,3600,4.03,1636,3600,0,0,0,0,0,0,0,0,0,0,0,0,1,5,2,0.0,1.6737500000000018
5,2,1.76,2971,3600,4.3,1800,3600,0,0,0,0,0,0,0,0,0,0,0,0,1,3,4,0.0,0.3097500000000011
3,4,1.76,2971,3600,4.49,2537,3600,0,0,0,0,0,0,0,0,0,0,0,0,1,4,3,4.540687500000002,0.0
4,3,1.76,2971,3600,4.76,1153,3600,0,0,0,0,0,0,0,0,0,0,0,0,1,5,2,0.0,1.6868124999999985
5,2,1.76,2971,3600,4.94,2063,3600,0,0,0,0,0,0,0,0,0,0,0,0,1,5,2,0.0,1.9278749999999967
5,2,1.76,2971,3600,5.1,1174,3600,0,0,0,0,0,0,0,0,0,0,0,0,1,3,4,0.0,0.2078749999999978
3,4,1.76,2971,3600,5.28,2790,3600,0,0,0,0,0,0,0,0,0,0,0,0,1,4,3,3.5840937499999974,0.0
4,3,1.76,2971,3600,5.6,1541,3600,0,0,0,0,0,0,0,0,0,0,0,0,1,5,2,0.0,2.838406250000002
5,2,1.76,2971,3600,5.8,2832,3600,0,0,0,0,0,0,0,0,0,0,0,0,1,3,4,0.0,2.5449374999999996
3,4,1.76,2971,3600,6.14,2612,3600,0,0,0,0,0,0,0,0,0,0,0,0,1,4,3,4.954296874999997,0.0
4,3,1.76,2971,3600,6.27,2475,3600,0,0,0,0,0,0,0,0,0,0,0,0,1,3,4,0.0,1.9607031250000073
3,4,1.76,2971,3600,6.49,2974,3600,0,0,0,0,0,0,0,0,0,0,0,0,0,4,3,4.559296874999999,0.0
4,3,6.49,2974,3600,6.78,1060,3600,0,0,0,0,0,0,0,0,0,0,0,0,1,2,5,0.0,2.920703125000003
2,5,6.49,2974,3600,6.91,2660,3600,0,0,0,0,0,0,0,0,0,0,0,0,1,4,3,1.913531250000002,0.0
4,3,6.49,2974,3600,7.07,2469,3600,0,0,0,0,0,0,0,0,0,0,0,0,1,3,4,0.0,4.327203124999995
3,4,6.49,2974,3600,7.19,2804,3600,0,0,0,0,0,0,0,0,0,0,0,0,1,4,3,2.1977968750000016,0.0
4,3,6.49,2974,3600,7.44,1640,3600,0,0,0,0,0,0,0,0,0,0,0,0,1,4,3,0.0,4.927203124999993
4,3,6.49,2974,3600,7.72,1559,3600,0,0,0,0,0,0,0,0,0,0,0,0,1,5,2,0.0,2.362203124999997
5,2,6.49,2974,3600,7.92,2938,3600,0,0,0,0,0,0,0,0,0,0,0,0,1,3,4,0.0,1.9172031250000003
3,4,6.49,2974,3600,7.99,1277,3600,0,0,0,0,0,0,0,0,0,0,0,0,1,3,4,5.657097656249995,0.0
3,4,6.49,2974,3600,8.29,1515,3600,0,0,0,0,0,0,0,0,0,0,0,0,1,5,2,3.6620976562499976,0.0
5,2,6.49,2974,3600,8.67,1078,3600,0,0,0,0,0,0,0,0,0,0,0,0,1,5,2,0.0,2.2271609375000025
5,2,6.49,2974,3600,8.97,2564,3600,0,0,0,0,0,0,0,0,0,0,0,0,1,3,4,0.0,1.327160937500004
3,4,6.49,2974,3600,9.14,1296,3600,0,0,0,0,0,0,0,0,0,0,0,0,1,3,4,5.019629296874999,0.0
3,4,6.49,2974,3600,9.24,1542,3600,0,0,0,0,0,0,0,0,0,0,0,0,1,2,5,2.9946292968749972,0.0
2,5,6.49,2974,3600,9.46,1304,3600,0,0,0,0,0,0,0,0,0,0,0,0,1,2,5,2.3856292968749955,0.0
2,5,6.49,2974,3600,10.05,1445,3600,0,0,0,0,0,0,0,0,0,0,0,0,1,2,5,1.2976292968749945,0.0
2,5,6.49,2974,3600,10.18,2184,3600,0,0,0,0,0,0,0,0,0,0,0,0,1,4,3,0.09362929687499388,0.0
4,3,6.49,2974,3600,10.26,1493,3600,0,0,0,0,0,0,0,0,0,0,0,0,1,4,3,0.0,5.382778027343747
4,3,6.49,2974,3600,10.61,1542,3600,0,0,0,0,0,0,0,0,0,0,0,0,1,5,2,0.0,3.0502780273437473
5,2,6.49,2974,3600,10.74,1131,3600,0,0,0,0,0,0,0,0,0,0,0,0,1,5,2,0.0,2.2661853515624983
5,2,6.49,2974,3600,10.89,1667,3600,0,0,0,0,0,0,0,0,0,0,0,0,1,3,4,0.0,1.3221853515624957
3,4,6.49,2974,3600,11.06,2997,3600,0,0,0,0,0,0,0,0,0,0,0,0,0,4,3,3.186360986328129,0.0
4,3,11.06,2997,3600,11.27,1113,3600,0,0,0,0,0,0,0,0,0,0,0,0,1,2,5,0.0,3.88113901367187
2,5,11.06,2997,3600,11.52,2018,3600,0,0,0,0,0,0,0,0,0,0,0,0,1,4,3,1.3859073242187563,0.0
4,3,11.06,2997,3600,11.6,2409,3600,0,0,0,0,0,0,0,0,0,0,0,0,1,3,4,0.0,3.861139013671867
3,4,11.06,2997,3600,0.0,0,0,0,0,0,0,0,0,0,0,0,0,0,0,0,3,4,2.2088609863281228,0.0
1,1,0.27,1498,3600,0.7,2874,3600,0,0,0,0,0,0,0,0,0,0,0,0,0,3,4,0.0,0.0
3,4,0.7,2874,3600,0.91,1619,3600,0,0,0,0,0,0,0,0,0,0,0,0,1,5,2,3.93,0.0
5,2,0.7,2874,3600,1.09,2038,3600,0,0,0,0,0,0,0,0,0,0,0,0,0,3,4,0.0,3.402
3,4,1.09,2038,3600,1.34,1744,3600,0,0,0,0,0,0,0,0,0,0,0,0,1,4,3,3.4145000000000003,0.0
4,3,1.09,2038,3600,1.4,1033,3600,0,0,0,0,0,0,0,0,0,0,0,0,1,5,2,0.0,1.7129999999999992
5,2,1.09,2038,3600,1.44,1779,3600,0,0,0,0,0,0,0,0,0,0,0,0,1,3,4,0.0,1.491999999999999
3,4,1.09,2038,3600,1.59,2664,3600,0,0,0,0,0,0,0,0,0,0,0,0,0,4,3,3.2360000000000007,0.0
4,3,1.59,2664,3600,1.79,1482,3600,0,0,0,0,0,0,0,0,0,0,0,0,1,5,2,0.0,1.9414999999999987
5,2,1.59,2664,3600,2.08,2453,3600,0,0,0,0,0,0,0,0,0,0,0,0,1,3,4,0.0,1.4749999999999979
3,4,1.59,2664,3600,2.29,1060,3600,0,0,0,0,0,0,0,0,0,0,0,0,1,3,4,4.9307500000000015,0.0
3,4,1.59,2664,3600,2.5,2635,3600,0,0,0,0,0,0,0,0,0,0,0,0,1,4,3,3.273250000000001,0.0
4,3,1.59,2664,3600,2.72,1248,3600,0,0,0,0,0,0,0,0,0,0,0,0,1,2,5,0.0,3.4494374999999984
2,5,1.59,2664,3600,2.89,2595,3600,0,0,0,0,0,0,0,0,0,0,0,0,1,4,3,1.7643750000000011,0.0
4,3,1.59,2664,3600,3.11,2098,3600,0,0,0,0,0,0,0,0,0,0,0,0,1,4,3,0.0,4.713437499999998
4,3,1.59,2664,3600,3.49,2216,3600,0,0,0,0,0,0,0,0,0,0,0,0,1,3,4,0.0,1.435937499999997
3,4,1.59,2664,3600,3.71,2559,3600,0,0,0,0,0,0,0,0,0,0,0,0,1,4,3,4.362421875000003,0.0
4,3,1.59,2664,3600,3.85,1551,3600,0,0,0,0,0,0,0,0,0,0,0,0,1,5,2,0.0,2.1225781249999986
5,2,1.59,2664,3600,4.13,1881,3600,0,0,0,0,0,0,0,0,0,0,0,0,1,5,2,0.0,1.8997187499999946
5,2,1.59,2664,3600,4.56,1543,3600,0,0,0,0,0,0,0,0,0,0,0,0,1,3,4,0.0,0.3317187499999932
3,4,1.59,2664,3600,4.68,2885,3600,0,0,0,0,0,0,0,0,0,0,0,0,0,4,3,4.137210937500004,0.0
4,3,4.68,2885,3600,4.93,2255,3600,0,0,0,0,0,0,0,0,0,0,0,0,1,3,4,0.0,2.215289062499995
3,4,4.68,2885,3600,5.25,1630,3600,0,0,0,0,0,0,0,0,0,0,0,0,1,5,2,3.8722109375000056,0.0
5,2,4.68,2885,3600,5.57,1121,3600,0,0,0,0,0,0,0,0,0,0,0,0,1,5,2,0.0,2.0718593749999954
5,2,4.68,2885,3600,5.69,2016,3600,0,0,0,0,0,0,0,0,0,0,0,0,1,3,4,0.0,1.1358593749999955
3,4,4.68,2885,3600,6.07,1477,3600,0,0,0,0,0,0,0,0,0,0,0,0,1,5,2,4.050105468750004,0.0
5,2,4.68,2885,3600,6.2,1710,3600,0,0,0,0,0,0,0,0,0,0,0,0,1,5,2,0.0,1.4999296874999999
5,2,4.68,2885,3600,6.45,1509,3600,0,0,0,0,0,0,0,0,0,0,0,0,1,3,4,0.0,0.0759296875000004
3,4,4.68,2885,3600,6.91,1856,3600,0,0,0,0,0,0,0,0,0,0,0,0,1,5,2,4.151052734375,0.0
5,2,4.68,2885,3600,7.27,2826,3600,0,0,0,0,0,0,0,0,0,0,0,0,1,3,4,0.0,1.9399648437500012
3,4,4.68,2885,3600,7.49,2461,3600,0,0,0,0,0,0,0,0,0,0,0,0,1,3,4,5.882552734375006,0.0
3,4,4.68,2885,3600,7.7,2089,3600,0,0,0,0,0,0,0,0,0,0,0,0,1,2,5,2.035052734375004,0.0
2,5,4.68,2885,3600,7.81,1327,3600,0,0,0,0,0,0,0,0,0,0,0,0,1,2,5,1.577552734374997,0.0
2,5,4.68,2885,3600,7.98,1372,3600,0,0,0,0,0,0,0,0,0,0,0,0,1,4,3,0.4735527343749979,0.0
4,3,4.68,2885,3600,8.68,1018,3600,0,0,0,0,0,0,0,0,0,0,0,0,1,2,5,0.0,3.332835449218745
2,5,4.68,2885,3600,9.11,2187,3600,0,0,0,0,0,0,0,0,0,0,0,0,1,4,3,0.660776367187502,0.0
4,3,4.68,2885,3600,9.34,1546,3600,0,0,0,0,0,0,0,0,0,0,0,0,1,4,3,0.0,5.1588354492187385
4,3,4.68,2885,3600,9.55,2205,3600,0,0,0,0,0,0,0,0,0,0,0,0,1,3,4,0.0,2.7438354492187393
3,4,4.68,2885,3600,9.87,1115,3600,0,0,0,0,0,0,0,0,0,0,0,0,1,5,2,2.986164550781261,0.0
5,2,4.68,2885,3600,10.14,2304,3600,0,0,0,0,0,0,0,0,0,0,0,0,1,3,4,0.0,1.5532236328124966
3,4,4.68,2885,3600,10.24,1790,3600,0,0,0,0,0,0,0,0,0,0,0,0,1,5,2,4.210164550781265,0.0
5,2,4.68,2885,3600,10.5,1073,3600,0,0,0,0,0,0,0,0,0,0,0,0,1,5,2,0.0,2.203223632812488
5,2,4.68,2885,3600,10.65,2496,3600,0,0,0,0,0,0,0,0,0,0,0,0,1,3,4,0.0,1.3072236328124873
3,4,4.68,2885,3600,11.45,2246,3600,0,0,0,0,0,0,0,0,0,0,0,0,1,3,4,4.891582275390633,0.0
3,4,4.68,2885,3600,11.65,1560,3600,0,0,0,0,0,0,0,0,0,0,0,0,1,2,5,1.3815822753906382,0.0
2,5,4.68,2885,3600,11.82,2446,3600,0,0,0,0,0,0,0,0,0,0,0,0,1,4,3,1.2515822753906392,0.0
4,3,4.68,2885,3600,11.93,2506,3600,0,0,0,0,0,0,0,0,0,0,0,0,1,3,4,0.0,5.136313293457022
3,4,4.68,2885,3600,12.16,2999,3600,0,0,0,0,0,0,0,0,0,0,0,0,0,4,3,1.3586867065429757,0.0
4,3,12.16,2999,3600,12.55,1001,3600,0,0,0,0,0,0,0,0,0,0,0,0,1,4,3,0.0,5.956313293457022
4,3,12.16,2999,3600,12.63,1657,3600,0,0,0,0,0,0,0,0,0,0,0,0,1,2,5,0.0,4.388813293457019
2,5,12.16,2999,3600,0.0,0,0,0,0,0,0,0,0,0,0,0,0,0,0,0,3,4,2.112474682617197,0.0
1,1,0.08,1914,3600,0.16,1421,3600,0,0,0,0,0,0,0,0,0,0,0,0,0,4,3,0.0,0.0
4,3,0.16,1421,3600,0.37,1807,3600,0,0,0,0,0,0,0,0,0,0,0,0,0,5,2,4.3100000000000005,0.0
5,2,0.37,1807,3600,0.8,2256,3600,0,0,0,0,0,0,0,0,0,0,0,0,0,3,4,0.0,1.5239999999999998
3,4,0.8,2256,3600,1.27,2138,3600,0,0,0,0,0,0,0,0,0,0,0,0,0,4,3,3.6939999999999995,0.0
4,3,1.27,2138,3600,1.63,1851,3600,0,0,0,0,0,0,0,0,0,0,0,0,1,3,4,0.0,1.9460000000000002
3,4,1.27,2138,3600,1.69,1411,3600,0,0,0,0,0,0,0,0,0,0,0,0,1,5,2,3.0889999999999995,0.0
5,2,1.27,2138,3600,1.8,2003,3600,0,0,0,0,0,0,0,0,0,0,0,0,1,3,4,0.0,1.9100000000000001
3,4,1.27,2138,3600,2.11,2170,3600,0,0,0,0,0,0,0,0,0,0,0,0,0,4,3,3.5099999999999985,0.0
4,3,2.11,2170,3600,2.46,2548,3600,0,0,0,0,0,0,0,0,0,0,0,0,0,3,4,0.0,1.9824999999999995
3,4,2.46,2548,3600,2.54,2555,3600,0,0,0,0,0,0,0,0,0,0,0,0,0,4,3,3.6499999999999977,0.0
4,3,2.54,2555,3600,2.72,2025,3600,0,0,0,0,0,0,0,0,0,0,0,0,1,3,4,0.0,2.790000000000002
3,4,2.54,2555,3600,2.97,2657,3600,0,0,0,0,0,0,0,0,0,0,0,0,0,4,3,2.7574999999999967,0.0
4,3,2.97,2657,3600,3.19,1928,3600,0,0,0,0,0,0,0,0,0,0,0,0,1,5,2,0.0,3.6175000000000033
5,2,2.97,2657,3600,3.44,1986,3600,0,0,0,0,0,0,0,0,0,0,0,0,1,5,2,0.0,2.5770000000000017
5,2,2.97,2657,3600,3.61,2988,3600,0,0,0,0,0,0,0,0,0,0,0,0,0,3,4,0.0,0.9210000000000012
3,4,3.61,2988,3600,3.69,1884,3600,0,0,0,0,0,0,0,0,0,0,0,0,1,3,4,6.09125,0.0
3,4,3.61,2988,3600,4.1,2747,3600,0,0,0,0,0,0,0,0,0,0,0,0,1,4,3,3.151250000000001,0.0
4,3,3.61,2988,3600,4.39,1499,3600,0,0,0,0,0,0,0,0,0,0,0,0,1,2,5,0.0,3.953749999999996
2,5,3.61,2988,3600,4.56,1200,3600,0,0,0,0,0,0,0,0,0,0,0,0,1,2,5,2.0095000000000027,0.0
2,5,3.61,2988,3600,5.06,2181,3600,0,0,0,0,0,0,0,0,0,0,0,0,1,1,6,1.0095000000000027,0.0
1,6,3.61,2988,3600,5.14,2074,3600,0,0,0,0,0,0,0,0,0,0,0,0,1,1,6,0.7528333333333368,0.0
1,6,3.61,2988,3600,5.3,2567,3600,0,0,0,0,0,0,0,0,0,0,0,0,1,4,3,0.03283333333333616,0.0
4,3,3.61,2988,3600,5.48,1150,3600,0,0,0,0,0,0,0,0,0,0,0,0,1,4,3,0.0,6.945375
4,3,3.61,2988,3600,5.66,2078,3600,0,0,0,0,0,0,0,0,0,0,0,0,1,4,3,0.0,5.145375000000001
4,3,3.61,2988,3600,5.86,2877,3600,0,0,0,0,0,0,0,0,0,0,0,0,1,3,4,0.0,1.8978750000000026
3,4,3.61,2988,3600,6.79,2720,3600,0,0,0,0,0,0,0,0,0,0,0,0,1,4,3,5.378468749999996,0.0
4,3,3.61,2988,3600,6.93,2124,3600,0,0,0,0,0,0,0,0,0,0,0,0,1,5,2,0.0,1.7890312500000025
5,2,3.61,2988,3600,7.04,2441,3600,0,0,0,0,0,0,0,0,0,0,0,0,1,3,4,0.0,1.314687499999998
3,4,3.61,2988,3600,7.12,2267,3600,0,0,0,0,0,0,0,0,0,0,0,0,1,3,4,5.429984374999998,0.0
3,4,3.61,2988,3600,7.38,2469,3600,0,0,0,0,0,0,0,0,0,0,0,0,1,4,3,1.8899843749999992,0.0
4,3,3.61,2988,3600,7.48,1826,3600,0,0,0,0,0,0,0,0,0,0,0,0,1,2,5,0.0,4.522515624999993
2,5,3.61,2988,3600,8.27,1088,3600,0,0,0,0,0,0,0,0,0,0,0,0,1,2,5,2.15565625,0.0
2,5,3.61,2988,3600,8.67,1572,3600,0,0,0,0,0,0,0,0,0,0,0,0,1,4,3,1.2476562499999986,0.0
4,3,3.61,2988,3600,8.75,2783,3600,0,0,0,0,0,0,0,0,0,0,0,0,1,3,4,0.0,3.025257812499998
3,4,3.61,2988,3600,9.1,2851,3600,0,0,0,0,0,0,0,0,0,0,0,0,1,4,3,3.594742187500003,0.0
4,3,3.61,2988,3600,9.42,1282,3600,0,0,0,0,0,0,0,0,0,0,0,0,1,2,5,0.0,3.795257812500001
2,5,3.61,2988,3600,9.63,2847,3600,0,0,0,0,0,0,0,0,0,0,0,0,1,4,3,1.7238281250000043,0.0
4,3,3.61,2988,3600,9.73,2586,3600,0,0,0,0,0,0,0,0,0,0,0,0,1,3,4,0.0,5.346757812499995
3,4,3.61,2988,3600,9.81,2727,3600,0,0,0,0,0,0,0,0,0,0,0,0,1,4,3,1.5257421875000112,0.0
4,3,3.61,2988,3600,9.99,1264,3600,0,0,0,0,0,0,0,0,0,0,0,0,1,4,3,0.0,5.501757812499992
4,3,3.61,2988,3600,10.27,2136,3600,0,0,0,0,0,0,0,0,0,0,0,0,1,5,2,0.0,3.5292578124999956
5,2,3.61,2988,3600,10.54,2344,3600,0,0,0,0,0,0,0,0,0,0,0,0,1,3,4,0.0,2.4067578124999898
3,4,3.61,2988,3600,10.65,2525,3600,0,0,0,0,0,0,0,0,0,0,0,0,1,4,3,4.409931640625004,0.0
4,3,3.61,2988,3600,10.78,2299,3600,0,0,0,0,0,0,0,0,0,0,0,0,1,3,4,0.0,2.0700683593749964
3,4,3.61,2988,3600,10.88,2820,3600,0,0,0,0,0,0,0,0,0,0,0,0,1,4,3,4.034931640625004,0.0
4,3,3.61,2988,3600,11.05,2147,3600,0,0,0,0,0,0,0,0,0,0,0,0,1,5,2,0.0,3.0425683593749966
5,2,3.61,2988,3600,11.31,2642,3600,0,0,0,0,0,0,0,0,0,0,0,0,1,3,4,0.0,2.200378906250002
3,4,3.61,2988,3600,11.42,2824,3600,0,0,0,0,0,0,0,0,0,0,0,0,1,4,3,5.190715820312498,0.0
4,3,3.61,2988,3600,12.05,2087,3600,0,0,0,0,0,0,0,0,0,0,0,0,1,5,2,0.0,2.064284179687501
5,2,3.61,2988,3600,0.0,0,0,0,0,0,0,0,0,0,0,0,0,0,0,0,5,2,0.0,1.5961894531249996
1,1,0.34,1042,3600,0.76,1999,3600,0,0,0,0,0,0,0,0,0,0,0,0,0,3,4,0.0,0.0
3,4,0.76,1999,3600,1.44,1008,3600,0,0,0,0,0,0,0,0,0,0,0,0,1,5,2,3.1899999999999995,0.0
5,2,0.76,1999,3600,1.56,1876,3600,0,0,0,0,0,0,0,0,0,0,0,0,0,3,4,0.0,3.4320000000000004
3,4,1.56,1876,3600,1.81,1174,3600,0,0,0,0,0,0,0,0,0,0,0,0,1,1,6,0.5870000000000006,0.0
1,6,1.56,1876,3600,2.1,1743,3600,0,0,0,0,0,0,0,0,0,0,0,0,1,4,3,2.560666666666667,0.0
4,3,1.56,1876,3600,2.24,1741,3600,0,0,0,0,0,0,0,0,0,0,0,0,1,3,4,0.0,2.6282499999999986
3,4,1.56,1876,3600,2.56,2546,3600,0,0,0,0,0,0,0,0,0,0,0,0,0,2,5,1.909250000000002,0.0
2,5,2.56,2546,3600,2.95,1448,3600,0,0,0,0,0,0,0,0,0,0,0,0,1,4,3,0.9188333333333336,0.0
4,3,2.56,2546,3600,3.37,2909,3600,0,0,0,0,0,0,0,0,0,0,0,0,0,3,4,0.0,3.503874999999999
3,4,3.37,2909,3600,3.64,1141,3600,0,0,0,0,0,0,0,0,0,0,0,0,1,5,2,2.5511250000000016,0.0
5,2,3.37,2909,3600,3.86,2588,3600,0,0,0,0,0,0,0,0,0,0,0,0,1,3,4,0.0,2.092583333333332
3,4,3.37,2909,3600,4.0,1918,3600,0,0,0,0,0,0,0,0,0,0,0,0,1,5,2,4.036125000000002,0.0
5,2,3.37,2909,3600,4.48,2803,3600,0,0,0,0,0,0,0,0,0,0,0,0,1,3,4,0.0,2.746583333333332
3,4,3.37,2909,3600,4.82,1287,3600,0,0,0,0,0,0,0,0,0,0,0,0,1,3,4,4.720125000000001,0.0
3,4,3.37,2909,3600,4.94,1339,3600,0,0,0,0,0,0,0,0,0,0,0,0,1,2,5,2.7101250000000014,0.0
2,5,3.37,2909,3600,5.02,1509,3600,0,0,0,0,0,0,0,0,0,0,0,0,1,2,5,2.2641250000000017,0.0
2,5,3.37,2909,3600,5.19,2206,3600,0,0,0,0,0,0,0,0,0,0,0,0,1,1,6,1.0081250000000033,0.0
1,6,3.37,2909,3600,5.54,2461,3600,0,0,0,0,0,0,0,0,0,0,0,0,1,1,6,0.8694583333333359,0.0
1,6,3.37,2909,3600,5.66,1500,3600,0,0,0,0,0,0,0,0,0,0,0,0,1,4,3,0.01445833333333546,0.0
4,3,3.37,2909,3600,5.76,2335,3600,0,0,0,0,0,0,0,0,0,0,0,0,1,4,3,0.0,5.032906249999998
4,3,3.37,2909,3600,5.86,2989,3600,0,0,0,0,0,0,0,0,0,0,0,0,0,3,4,0.0,1.3879062499999986
3,4,5.86,2989,3600,6.7,2348,3600,0,0,0,0,0,0,0,0,0,0,0,0,1,3,4,5.4520937499999995,0.0
3,4,5.86,2989,3600,7.14,1288,3600,0,0,0,0,0,0,0,0,0,0,0,0,1,2,5,1.784593749999999,0.0
2,5,5.86,2989,3600,7.23,1489,3600,0,0,0,0,0,0,0,0,0,0,0,0,1,2,5,1.93509375,0.0
2,5,5.86,2989,3600,7.28,1466,3600,0,0,0,0,0,0,0,0,0,0,0,0,1,1,6,0.6950937500000016,0.0
1,6,5.86,2989,3600,7.69,1329,3600,0,0,0,0,0,0,0,0,0,0,0,0,1,1,6,0.806760416666668,0.0
1,6,5.86,2989,3600,8.11,2217,3600,0,0,0,0,0,0,0,0,0,0,0,0,1,4,3,0.345093750000002,0.0
4,3,5.86,2989,3600,8.5,2536,3600,0,0,0,0,0,0,0,0,0,0,0,0,1,4,3,0.0,5.3999296874999985
4,3,5.86,2989,3600,8.73,1762,3600,0,0,0,0,0,0,0,0,0,0,0,0,1,3,4,0.0,1.4399296874999976
3,4,5.86,2989,3600,8.79,1384,3600,0,0,0,0,0,0,0,0,0,0,0,0,1,5,2,3.3850703125000052,0.0
5,2,5.86,2989,3600,8.91,2227,3600,0,0,0,0,0,0,0,0,0,0,0,0,1,3,4,0.0,1.6019531249999979
3,4,5.86,2989,3600,9.15,2461,3600,0,0,0,0,0,0,0,0,0,0,0,0,1,4,3,4.3970703125,0.0
4,3,5.86,2989,3600,9.41,1372,3600,0,0,0,0,0,0,0,0,0,0,0,0,1,5,2,0.0,1.892929687499997
5,2,5.86,2989,3600,9.68,2140,3600,0,0,0,0,0,0,0,0,0,0,0,0,1,5,2,0.0,1.8279531250000005
5,2,5.86,2989,3600,10.13,1513,3600,0,0,0,0,0,0,0,0,0,0,0,0,1,3,4,0.0,0.04395312500000159
3,4,5.86,2989,3600,10.53,1833,3600,0,0,0,0,0,0,0,0,0,0,0,0,1,5,2,4.455035156249995,0.0
5,2,5.86,2989,3600,10.7,1704,3600,0,0,0,0,0,0,0,0,0,0,0,0,1,5,2,0.0,1.6899765625000072
5,2,5.86,2989,3600,10.8,2883,3600,0,0,0,0,0,0,0,0,0,0,0,0,1,3,4,0.0,0.26997656250000546
3,4,5.86,2989,3600,11.08,1304,3600,0,0,0,0,0,0,0,0,0,0,0,0,1,3,4,6.872517578124999,0.0
3,4,5.86,2989,3600,11.28,2422,3600,0,0,0,0,0,0,0,0,0,0,0,0,1,4,3,4.832517578125,0.0
4,3,5.86,2989,3600,11.42,2338,3600,0,0,0,0,0,0,0,0,0,0,0,0,1,3,4,0.0,1.7199824218749988
3,4,5.86,2989,3600,11.78,2293,3600,0,0,0,0,0,0,0,0,0,0,0,0,1,4,3,4.4125175781250086,0.0
4,3,5.86,2989,3600,12.09,1605,3600,0,0,0,0,0,0,0,0,0,0,0,0,1,5,2,0.0,1.5849824218749937
5,2,5.86,2989,3600,12.23,2661,3600,0,0,0,0,0,0,0,0,0,0,0,0,1,3,4,0.0,1.3139882812499977
3,4,5.86,2989,3600,12.98,1696,3600,0,0,0,0,0,0,0,0,0,0,0,0,1,3,4,5.556508789062509,0.0
3,4,5.86,2989,3600,13.07,1021,3600,0,0,0,0,0,0,0,0,0,0,0,0,1,5,2,2.909008789062508,0.0
5,2,5.86,2989,3600,13.19,2260,3600,0,0,0,0,0,0,0,0,0,0,0,0,1,3,4,0.0,1.667994140624998
3,4,5.86,2989,3600,13.42,2502,3600,0,0,0,0,0,0,0,0,0,0,0,0,1,4,3,3.805508789062511,0.0
4,3,5.86,2989,3600,13.6,1479,3600,0,0,0,0,0,0,0,0,0,0,0,0,1,5,2,0.0,2.581991210937499
5,2,5.86,2989,3600,0.0,0,0,0,0,0,0,0,0,0,0,0,0,0,0,0,4,3,0.0,2.225994140624998
1,1,0.56,2380,3600,1.15,2025,3600,0,0,0,0,0,0,0,0,0,0,0,0,0,4,3,0.0,0.0
4,3,1.15,2025,3600,1.53,1723,3600,0,0,0,0,0,0,0,0,0,0,0,0,0,5,2,7.2,0.0
5,2,1.53,1723,3600,1.69,2851,3600,0,0,0,0,0,0,0,0,0,0,0,0,0,5,2,0.0,3.4159999999999995
5,2,1.69,2851,3600,1.92,2212,3600,0,0,0,0,0,0,0,0,0,0,0,0,1,3,4,0.0,1.9799999999999995
3,4,1.69,2851,3600,2.12,2771,3600,0,0,0,0,0,0,0,0,0,0,0,0,1,4,3,4.202000000000001,0.0
4,3,1.69,2851,3600,2.22,1550,3600,0,0,0,0,0,0,0,0,0,0,0,0,1,5,2,0.0,2.720499999999997
5,2,1.69,2851,3600,2.35,2935,3600,0,0,0,0,0,0,0,0,0,0,0,0,0,3,4,0.0,2.4449999999999985
3,4,2.35,2935,3600,2.4,2610,3600,0,0,0,0,0,0,0,0,0,0,0,0,1,4,3,5.075250000000002,0.0
4,3,2.35,2935,3600,2.56,2972,3600,0,0,0,0,0,0,0,0,0,0,0,0,0,3,4,0.0,1.8497499999999985
3,4,2.56,2972,3600,2.73,1191,3600,0,0,0,0,0,0,0,0,0,0,0,0,1,3,4,5.6202499999999995,0.0
3,4,2.56,2972,3600,2.8,2157,3600,0,0,0,0,0,0,0,0,0,0,0,0,1,2,5,3.760250000000002,0.0
2,5,2.56,2972,3600,3.07,2644,3600,0,0,0,0,0,0,0,0,0,0,0,0,1,4,3,2.584250000000001,0.0
4,3,2.56,2972,3600,3.16,1862,3600,0,0,0,0,0,0,0,0,0,0,0,0,1,4,3,0.0,4.918812499999997
4,3,2.56,2972,3600,3.46,1938,3600,0,0,0,0,0,0,0,0,0,0,0,0,1,5,2,0.0,2.0088124999999977
5,2,2.56,2972,3600,3.63,1368,3600,0,0,0,0,0,0,0,0,0,0,0,0,1,5,2,0.0,1.3628125000000004
5,2,2.56,2972,3600,3.77,1022,3600,0,0,0,0,0,0,0,0,0,0,0,0,1,3,4,0.0,0.22281249999999986
3,4,2.56,2972,3600,4.17,2411,3600,0,0,0,0,0,0,0,0,0,0,0,0,1,4,3,2.8178906250000004,0.0
4,3,2.56,2972,3600,4.25,2466,3600,0,0,0,0,0,0,0,0,0,0,0,0,1,3,4,0.0,2.7346093749999962
3,4,2.56,2972,3600,4.44,1069,3600,0,0,0,0,0,0,0,0,0,0,0,0,1,5,2,3.660390625000007,0.0
5,2,2.56,2972,3600,4.54,2084,3600,0,0,0,0,0,0,0,0,0,0,0,0,1,3,4,0.0,1.160406249999994
3,4,2.56,2972,3600,4.67,1196,3600,0,0,0,0,0,0,0,0,0,0,0,0,1,5,2,4.2718906250000135,0.0
5,2,2.56,2972,3600,4.9,2975,3600,0,0,0,0,0,0,0,0,0,0,0,0,0,3,4,0.0,0.7994062499999899
3,4,4.9,2975,3600,5.38,2096,3600,0,0,0,0,0,0,0,0,0,0,0,0,1,3,4,6.858390625000009,0.0
3,4,4.9,2975,3600,5.69,1684,3600,0,0,0,0,0,0,0,0,0,0,0,0,1,5,2,3.580890625000011,0.0
5,2,4.9,2975,3600,5.87,1557,3600,0,0,0,0,0,0,0,0,0,0,0,0,1,5,2,0.0,2.7734062499999936
5,2,4.9,2975,3600,6.1,1261,3600,0,0,0,0,0,0,0,0,0,0,0,0,1,5,2,0.0,1.4774062499999943
5,2,4.9,2975,3600,6.23,1843,3600,0,0,0,0,0,0,0,0,0,0,0,0,1,3,4,0.0,0.42540624999999466
3,4,4.9,2975,3600,6.71,1990,3600,0,0,0,0,0,0,0,0,0,0,0,0,1,5,2,4.309945312500002,0.0
5,2,4.9,2975,3600,6.83,1050,3600,0,0,0,0,0,0,0,0,0,0,0,0,1,2,5,0.0,2.3007031249999983
2,5,4.9,2975,3600,7.02,1604,3600,0,0,0,0,0,0,0,0,0,0,0,0,1,2,5,2.3792968750000014,0.0
2,5,4.9,2975,3600,7.28,2324,3600,0,0,0,0,0,0,0,0,0,0,0,0,1,4,3,1.043296875000003,0.0
4,3,4.9,2975,3600,7.59,2423,3600,0,0,0,0,0,0,0,0,0,0,0,0,1,3,4,0.0,4.917554687499994
3,4,4.9,2975,3600,8.14,1310,3600,0,0,0,0,0,0,0,0,0,0,0,0,1,2,5,1.3424453125000042,0.0
2,5,4.9,2975,3600,8.29,1021,3600,0,0,0,0,0,0,0,0,0,0,0,0,1,2,5,1.4862968750000007,0.0
2,5,4.9,2975,3600,8.46,1719,3600,0,0,0,0,0,0,0,0,0,0,0,0,1,1,6,0.634296875000004,0.0
1,6,4.9,2975,3600,8.8,1483,3600,0,0,0,0,0,0,0,0,0,0,0,0,1,4,3,0.46363020833333835,0.0
4,3,4.9,2975,3600,8.95,1858,3600,0,0,0,0,0,0,0,0,0,0,0,0,1,2,5,0.0,4.084777343750002
2,5,4.9,2975,3600,9.3,1707,3600,0,0,0,0,0,0,0,0,0,0,0,0,1,2,5,1.9708151041666682,0.0
2,5,4.9,2975,3600,9.46,2389,3600,0,0,0,0,0,0,0,0,0,0,0,0,1,4,3,0.5468151041666687,0.0
4,3,4.9,2975,3600,9.64,1244,3600,0,0,0,0,0,0,0,0,0,0,0,0,1,4,3,0.0,5.637888671874993
4,3,4.9,2975,3600,9.9,1737,3600,0,0,0,0,0,0,0,0,0,0,0,0,1,2,5,0.0,3.6953886718749906
2,5,4.9,2975,3600,9.95,2420,3600,0,0,0,0,0,0,0,0,0,0,0,0,1,4,3,2.48440755208334,0.0
4,3,4.9,2975,3600,10.18,1981,3600,0,0,0,0,0,0,0,0,0,0,0,0,1,5,2,0.0,4.028388671874982
5,2,4.9,2975,3600,10.55,1338,3600,0,0,0,0,0,0,0,0,0,0,0,0,1,5,2,0.0,2.7135924479166533
5,2,4.9,2975,3600,10.81,2233,3600,0,0,0,0,0,0,0,0,0,0,0,0,1,3,4,0.0,1.5975924479166537
3,4,4.9,2975,3600,11.11,2233,3600,0,0,0,0,0,0,0,0,0,0,0,0,1,2,5,4.288805664062512,0.0
2,5,4.9,2975,3600,11.23,2892,3600,0,0,0,0,0,0,0,0,0,0,0,0,1,4,3,2.549203776041672,0.0
4,3,4.9,2975,3600,11.3,2946,3600,0,0,0,0,0,0,0,0,0,0,0,0,1,3,4,0.0,5.503097167968743
3,4,4.9,2975,3600,11.58,1038,3600,0,0,0,0,0,0,0,0,0,0,0,0,1,2,5,2.1419028320312634,0.0
2,5,4.9,2975,3600,0.0,0,0,0,0,0,0,0,0,0,0,0,0,0,0,0,3,4,2.6106018880208453,0.0
1,1,0.3,2504,3600,0.52,1216,3600,0,0,0,0,0,0,0,0,0,0,0,0,0,4,3,0.0,0.0
4,3,0.52,1216,3600,1.18,2624,3600,0,0,0,0,0,0,0,0,0,0,0,0,0,5,2,6.42,0.0
5,2,1.18,2624,3600,1.62,1553,3600,0,0,0,0,0,0,0,0,0,0,0,0,0,4,3,0.0,0.8819999999999997
4,3,1.62,1553,3600,2.11,2996,3600,0,0,0,0,0,0,0,0,0,0,0,0,0,5,2,5.392666666666667,0.0
5,2,2.11,2996,3600,2.34,1037,3600,0,0,0,0,0,0,0,0,0,0,0,0,1,5,2,0.0,1.604
5,2,2.11,2996,3600,2.66,1204,3600,0,0,0,0,0,0,0,0,0,0,0,0,1,6,1,0.0,0.7400000000000002
6,1,2.11,2996,3600,2.91,1719,3600,0,0,0,0,0,0,0,0,0,0,0,0,1,6,1,0.0,0.7536666666666663
6,1,2.11,2996,3600,3.06,2183,3600,0,0,0,0,0,0,0,0,0,0,0,0,1,3,4,0.0,0.15699999999999958
3,4,2.11,2996,3600,3.25,1201,3600,0,0,0,0,0,0,0,0,0,0,0,0,1,3,4,5.774750000000002,0.0
3,4,2.11,2996,3600,3.32,2011,3600,0,0,0,0,0,0,0,0,0,0,0,0,1,2,5,3.899750000000002,0.0
2,5,2.11,2996,3600,3.86,2231,3600,0,0,0,0,0,0,0,0,0,0,0,0,1,2,5,2.4405,0.0
2,5,2.11,2996,3600,3.99,1152,3600,0,0,0,0,0,0,0,0,0,0,0,0,1,1,6,0.5805000000000007,0.0
1,6,2.11,2996,3600,4.3,1293,3600,0,0,0,0,0,0,0,0,0,0,0,0,1,2,5,1.1105,0.0
2,5,2.11,2996,3600,4.59,1181,3600,0,0,0,0,0,0,0,0,0,0,0,0,1,6,1,0.0,0.9137500000000021
6,1,2.11,2996,3600,6.46,2329,3600,0,0,0,0,0,0,0,0,0,0,0,0,1,3,4,0.0,1.9247499999999995
3,4,2.11,2996,3600,6.84,1760,3600,0,0,0,0,0,0,0,0,0,0,0,0,1,5,2,4.328937500000002,0.0
5,2,2.11,2996,3600,7.01,1506,3600,0,0,0,0,0,0,0,0,0,0,0,0,1,5,2,0.0,2.077375
5,2,2.11,2996,3600,7.32,2978,3600,0,0,0,0,0,0,0,0,0,0,0,0,1,3,4,0.0,0.8213749999999997
3,4,2.11,2996,3600,7.41,2745,3600,0,0,0,0,0,0,0,0,0,0,0,0,1,3,4,6.525968750000002,0.0
3,4,2.11,2996,3600,7.52,2172,3600,0,0,0,0,0,0,0,0,0,0,0,0,1,2,5,2.235968750000003,0.0
2,5,2.11,2996,3600,7.74,1222,3600,0,0,0,0,0,0,0,0,0,0,0,0,1,2,5,1.749312500000002,0.0
2,5,2.11,2996,3600,7.91,1347,3600,0,0,0,0,0,0,0,0,0,0,0,0,1,1,6,0.7293125000000025,0.0
1,6,2.11,2996,3600,8.6,1016,3600,0,0,0,0,0,0,0,0,0,0,0,0,1,1,6,0.7709791666666685,0.0
1,6,2.11,2996,3600,9.35,2996,3600,0,0,0,0,0,0,0,0,0,0,0,0,0,4,3,0.41764583333333505,0.0
4,3,9.35,2996,3600,9.69,2344,3600,0,0,0,0,0,0,0,0,0,0,0,0,1,4,3,0.0,6.721765624999998
4,3,9.35,2996,3600,10.05,1686,3600,0,0,0,0,0,0,0,0,0,0,0,0,1,5,2,0.0,3.061765624999996
5,2,9.35,2996,3600,10.28,2109,3600,0,0,0,0,0,0,0,0,0,0,0,0,1,5,2,0.0,2.7171770833333326
5,2,9.35,2996,3600,10.45,1900,3600,0,0,0,0,0,0,0,0,0,0,0,0,1,6,1,0.0,0.9611770833333324
6,1,9.35,2996,3600,10.57,2065,3600,0,0,0,0,0,0,0,0,0,0,0,0,1,3,4,0.0,1.1791770833333324
3,4,9.35,2996,3600,10.81,1638,3600,0,0,0,0,0,0,0,0,0,0,0,0,1,3,4,4.900617187500002,0.0
3,4,9.35,2996,3600,11.01,2799,3600,0,0,0,0,0,0,0,0,0,0,0,0,1,4,3,2.343117187499999,0.0
4,3,9.35,2996,3600,11.21,1152,3600,0,0,0,0,0,0,0,0,0,0,0,0,1,2,5,0.0,4.561882812500009
2,5,9.35,2996,3600,11.58,1811,3600,0,0,0,0,0,0,0,0,0,0,0,0,1,1,6,0.9134114583333286,0.0
1,6,9.35,2996,3600,11.67,2924,3600,0,0,0,0,0,0,0,0,0,0,0,0,1,1,6,1.0283723958333297,0.0
1,6,9.35,2996,3600,11.98,2485,3600,0,0,0,0,0,0,0,0,0,0,0,0,1,4,3,0.013372395833329165,0.0
4,3,9.35,2996,3600,12.36,2877,3600,0,0,0,0,0,0,0,0,0,0,0,0,1,4,3,0.0,7.453720703125004
4,3,9.35,2996,3600,12.69,2661,3600,0,0,0,0,0,0,0,0,0,0,0,0,1,3,4,0.0,2.961220703125008
3,4,9.35,2996,3600,13.09,2861,3600,0,0,0,0,0,0,0,0,0,0,0,0,1,4,3,3.8737792968749893,0.0
4,3,9.35,2996,3600,13.55,2620,3600,0,0,0,0,0,0,0,0,0,0,0,0,1,3,4,0.0,3.471220703125013
3,4,9.35,2996,3600,13.67,2598,3600,0,0,0,0,0,0,0,0,0,0,0,0,1,4,3,3.478779296874997,0.0
4,3,9.35,2996,3600,13.92,1647,3600,0,0,0,0,0,0,0,0,0,0,0,0,1,5,2,0.0,3.2962207031250124
5,2,9.35,2996,3600,14.18,2291,3600,0,0,0,0,0,0,0,0,0,0,0,0,1,3,4,0.0,2.628813802083343
3,4,9.35,2996,3600,14.4,2444,3600,0,0,0,0,0,0,0,0,0,0,0,0,1,4,3,3.8273896484374923,0.0
4,3,9.35,2996,3600,14.57,2767,3600,0,0,0,0,0,0,0,0,0,0,0,0,1,3,4,0.0,2.4551103515625066
3,4,9.35,2996,3600,14.92,2084,3600,0,0,0,0,0,0,0,0,0,0,0,0,1,5,2,4.577389648437482,0.0
5,2,9.35,2996,3600,15.13,2296,3600,0,0,0,0,0,0,0,0,0,0,0,0,1,3,4,0.0,2.8244069010416766
3,4,9.35,2996,3600,15.47,2538,3600,0,0,0,0,0,0,0,0,0,0,0,0,1,4,3,3.798389648437489,0.0
4,3,9.35,2996,3600,15.8,2669,3600,0,0,0,0,0,0,0,0,0,0,0,0,1,3,4,0.0,2.686610351562507
3,4,9.35,2996,3600,16.07,1364,3600,0,0,0,0,0,0,0,0,0,0,0,0,1,5,2,4.195889648437479,0.0
5,2,9.35,2996,3600,0.0,0,0,0,0,0,0,0,0,0,0,0,0,0,0,0,5,2,0.0,1.525406901041677
1,1,0.21,2913,3600,0.44,2723,3600,0,0,0,0,0,0,0,0,0,0,0,0,0,4,3,0.0,0.0
4,3,0.44,2723,3600,0.68,2984,3600,0,0,0,0,0,0,0,0,0,0,0,0,0,5,2,6.91,0.0
5,2,0.68,2984,3600,0.86,1230,3600,0,0,0,0,0,0,0,0,0,0,0,0,1,2,5,0.0,3.702
2,5,0.68,2984,3600,1.1,1162,3600,0,0,0,0,0,0,0,0,0,0,0,0,1,2,5,2.26,0.0
2,5,0.68,2984,3600,1.32,2476,3600,0,0,0,0,0,0,0,0,0,0,0,0,1,4,3,1.2919999999999998,0.0
4,3,0.68,2984,3600,1.68,2134,3600,0,0,0,0,0,0,0,0,0,0,0,0,1,4,3,0.0,4.917
4,3,0.68,2984,3600,2.14,2661,3600,0,0,0,0,0,0,0,0,0,0,0,0,1,3,4,0.0,1.5794999999999986
3,4,0.68,2984,3600,2.29,2741,3600,0,0,0,0,0,0,0,0,0,0,0,0,1,4,3,5.189750000000001,0.0
4,3,0.68,2984,3600,2.51,2038,3600,0,0,0,0,0,0,0,0,0,0,0,0,1,5,2,0.0,1.9052499999999997
5,2,0.68,2984,3600,2.63,2997,3600,0,0,0,0,0,0,0,0,0,0,0,0,0,3,4,0.0,1.4735000000000014
3,4,2.63,2997,3600,2.93,2929,3600,0,0,0,0,0,0,0,0,0,0,0,0,1,3,4,6.389874999999998,0.0
3,4,2.63,2997,3600,3.16,2578,3600,0,0,0,0,0,0,0,0,0,0,0,0,1,4,3,1.8148749999999998,0.0
4,3,2.63,2997,3600,3.47,2447,3600,0,0,0,0,0,0,0,0,0,0,0,0,1,4,3,0.0,5.110125000000004
4,3,2.63,2997,3600,3.86,1107,3600,0,0,0,0,0,0,0,0,0,0,0,0,1,5,2,0.0,1.2851250000000025
5,2,2.63,2997,3600,4.07,1185,3600,0,0,0,0,0,0,0,0,0,0,0,0,1,5,2,0.0,1.6361249999999998
5,2,2.63,2997,3600,4.5,1583,3600,0,0,0,0,0,0,0,0,0,0,0,0,1,6,1,0.0,0.6481250000000003
6,1,2.63,2997,3600,4.67,1216,3600,0,0,0,0,0,0,0,0,0,0,0,0,1,6,1,0.0,0.5921250000000011
6,1,2.63,2997,3600,4.9,1743,3600,0,0,0,0,0,0,0,0,0,0,0,0,1,3,4,0.0,0.17045833333333427
3,4,2.63,2997,3600,5.02,1016,3600,0,0,0,0,0,0,0,0,0,0,0,0,1,5,2,4.450906249999996,0.0
5,2,2.63,2997,3600,5.6,2018,3600,0,0,0,0,0,0,0,0,0,0,0,0,1,3,4,0.0,0.120729166666667
3,4,2.63,2997,3600,5.8,1277,3600,0,0,0,0,0,0,0,0,0,0,0,0,1,3,4,5.608906250000004,0.0
3,4,2.63,2997,3600,5.94,2731,3600,0,0,0,0,0,0,0,0,0,0,0,0,1,4,3,3.613906250000001,0.0
4,3,2.63,2997,3600,6.22,2154,3600,0,0,0,0,0,0,0,0,0,0,0,0,1,5,2,0.0,3.1260937499999972
5,2,2.63,2997,3600,6.53,1920,3600,0,0,0,0,0,0,0,0,0,0,0,0,1,5,2,0.0,2.184729166666667
5,2,2.63,2997,3600,6.63,2894,3600,0,0,0,0,0,0,0,0,0,0,0,0,1,3,4,0.0,0.5847291666666656
3,4,2.63,2997,3600,6.79,2708,3600,0,0,0,0,0,0,0,0,0,0,0,0,1,3,4,6.791453125000004,0.0
3,4,2.63,2997,3600,6.86,2127,3600,0,0,0,0,0,0,0,0,0,0,0,0,1,2,5,2.5614531250000034,0.0
2,5,2.63,2997,3600,7.06,1052,3600,0,0,0,0,0,0,0,0,0,0,0,0,1,2,5,1.945635416666672,0.0
2,5,2.63,2997,3600,7.14,1890,3600,0,0,0,0,0,0,0,0,0,0,0,0,1,4,3,1.0696354166666708,0.0
4,3,2.63,2997,3600,7.37,1642,3600,0,0,0,0,0,0,0,0,0,0,0,0,1,2,5,0.0,3.794773437499998
2,5,2.63,2997,3600,7.66,2056,3600,0,0,0,0,0,0,0,0,0,0,0,0,1,2,5,1.9408177083333342,0.0
2,5,2.63,2997,3600,7.83,1287,3600,0,0,0,0,0,0,0,0,0,0,0,0,1,4,3,0.22881770833333093,0.0
4,3,2.63,2997,3600,7.99,2193,3600,0,0,0,0,0,0,0,0,0,0,0,0,1,5,2,0.0,3.792386718750013
5,2,2.63,2997,3600,8.28,1271,3600,0,0,0,0,0,0,0,0,0,0,0,0,1,5,2,0.0,1.5935911458333365
5,2,2.63,2997,3600,8.45,2702,3600,0,0,0,0,0,0,0,0,0,0,0,0,1,3,4,0.0,0.5335911458333342
3,4,2.63,2997,3600,8.62,1528,3600,0,0,0,0,0,0,0,0,0,0,0,0,1,3,4,6.024806640624991,0.0
3,4,2.63,2997,3600,8.87,1788,3600,0,0,0,0,0,0,0,0,0,0,0,0,1,2,5,3.639806640624986,0.0
2,5,2.63,2997,3600,9.11,2915,3600,0,0,0,0,0,0,0,0,0,0,0,0,1,4,3,2.81520442708333,0.0
4,3,2.63,2997,3600,9.27,1082,3600,0,0,0,0,0,0,0,0,0,0,0,0,1,4,3,0.0,5.074596679687502
4,3,2.63,2997,3600,9.43,1773,3600,0,0,0,0,0,0,0,0,0,0,0,0,1,5,2,0.0,3.3870966796875024
5,2,2.63,2997,3600,9.56,1381,3600,0,0,0,0,0,0,0,0,0,0,0,0,1,5,2,0.0,2.4735966796875033
5,2,2.63,2997,3600,9.68,1957,3600,0,0,0,0,0,0,0,0,0,0,0,0,1,3,4,0.0,1.3215966796875023
3,4,2.63,2997,3600,9.96,1317,3600,0,0,0,0,0,0,0,0,0,0,0,0,1,5,2,3.9528024902343724,0.0
5,2,2.63,2997,3600,10.25,2859,3600,0,0,0,0,0,0,0,0,0,0,0,0,1,3,4,0.0,1.1927983398437547
3,4,2.63,2997,3600,10.51,2545,3600,0,0,0,0,0,0,0,0,0,0,0,0,1,3,4,6.225802490234379,0.0
3,4,2.63,2997,3600,10.86,1262,3600,0,0,0,0,0,0,0,0,0,0,0,0,1,2,5,2.2508024902343813,0.0
2,5,2.63,2997,3600,11.15,2010,3600,0,0,0,0,0,0,0,0,0,0,0,0,1,2,5,2.4352016601562525,0.0
2,5,2.63,2997,3600,11.21,2874,3600,0,0,0,0,0,0,0,0,0,0,0,0,1,4,3,0.7592016601562506,0.0
4,3,2.63,2997,3600,11.76,2235,3600,0,0,0,0,0,0,0,0,0,0,0,0,1,4,3,0.0,6.677598754882812
4,3,2.63,2997,3600,0.0,0,0,0,0,0,0,0,0,0,0,0,0,0,0,0,4,3,0.0,3.1825987548828145
1,1,0.12,2181,3600,0.23,2919,3600,0,0,0,0,0,0,0,0,0,0,0,0,0,3,4,0.0,0.0
3,4,0.23,2919,3600,0.38,1844,3600,0,0,0,0,0,0,0,0,0,0,0,0,1,5,2,4.9,0.0
5,2,0.23,2919,3600,0.51,1389,3600,0,0,0,0,0,0,0,0,0,0,0,0,1,5,2,0.0,2.5439999999999996
5,2,0.23,2919,3600,0.89,2209,3600,0,0,0,0,0,0,0,0,0,0,0,0,1,3,4,0.0,1.3879999999999995
3,4,0.23,2919,3600,1.28,2207,3600,0,0,0,0,0,0,0,0,0,0,0,0,1,4,3,4.425999999999999,0.0
4,3,0.23,2919,3600,1.42,1761,3600,0,0,0,0,0,0,0,0,0,0,0,0,1,3,4,0.0,1.323999999999998
3,4,0.23,2919,3600,1.86,2429,3600,0,0,0,0,0,0,0,0,0,0,0,0,1,4,3,3.4960000000000013,0.0
4,3,0.23,2919,3600,2.21,2384,3600,0,0,0,0,0,0,0,0,0,0,0,0,1,3,4,0.0,2.481499999999999
3,4,0.23,2919,3600,2.52,2766,3600,0,0,0,0,0,0,0,0,0,0,0,0,1,4,3,3.7535000000000016,0.0
4,3,0.23,2919,3600,2.88,2292,3600,0,0,0,0,0,0,0,0,0,0,0,0,1,3,4,0.0,3.248999999999998
3,4,0.23,2919,3600,3.23,2932,3600,0,0,0,0,0,0,0,0,0,0,0,0,0,4,3,2.9610000000000003,0.0
4,3,3.23,2932,3600,3.75,1297,3600,0,0,0,0,0,0,0,0,0,0,0,0,1,2,5,0.0,4.311500000000001
2,5,3.23,2932,3600,4.11,1512,3600,0,0,0,0,0,0,0,0,0,0,0,0,1,2,5,1.447000000000001,0.0
2,5,3.23,2932,3600,4.51,1754,3600,0,0,0,0,0,0,0,0,0,0,0,0,1,4,3,0.18700000000000117,0.0
4,3,3.23,2932,3600,4.69,1193,3600,0,0,0,0,0,0,0,0,0,0,0,0,1,2,5,0.0,4.454750000000001
2,5,3.23,2932,3600,4.88,2939,3600,0,0,0,0,0,0,0,0,0,0,0,0,0,4,3,0.49350000000000094,0.0
4,3,4.88,2939,3600,5.72,1885,3600,0,0,0,0,0,0,0,0,0,0,0,0,1,4,3,0.0,7.237250000000001
4,3,4.88,2939,3600,5.88,2746,3600,0,0,0,0,0,0,0,0,0,0,0,0,1,3,4,0.0,4.2897500000000015
3,4,4.88,2939,3600,6.06,1240,3600,0,0,0,0,0,0,0,0,0,0,0,0,1,5,2,2.957749999999999,0.0
5,2,4.88,2939,3600,6.2,1017,3600,0,0,0,0,0,0,0,0,0,0,0,0,1,2,5,0.0,2.1335000000000015
2,5,4.88,2939,3600,6.33,1469,3600,0,0,0,0,0,0,0,0,0,0,0,0,1,2,5,1.5345000000000013,0.0
2,5,4.88,2939,3600,6.42,2625,3600,0,0,0,0,0,0,0,0,0,0,0,0,1,4,3,0.3105000000000011,0.0
4,3,4.88,2939,3600,6.56,2619,3600,0,0,0,0,0,0,0,0,0,0,0,0,1,4,3,0.0,6.155124999999996
4,3,4.88,2939,3600,7.09,2310,3600,0,0,0,0,0,0,0,0,0,0,0,0,1,3,4,0.0,2.0601249999999958
3,4,4.88,2939,3600,7.24,1219,3600,0,0,0,0,0,0,0,0,0,0,0,0,1,5,2,4.117375000000003,0.0
5,2,4.88,2939,3600,7.68,1324,3600,0,0,0,0,0,0,0,0,0,0,0,0,1,3,4,0.0,1.0777499999999982
3,4,4.88,2939,3600,7.81,1842,3600,0,0,0,0,0,0,0,0,0,0,0,0,1,2,5,3.048375000000002,0.0
2,5,4.88,2939,3600,8.21,1242,3600,0,0,0,0,0,0,0,0,0,0,0,0,1,2,5,1.416249999999998,0.0
2,5,4.88,2939,3600,8.42,1734,3600,0,0,0,0,0,0,0,0,0,0,0,0,1,4,3,0.38024999999999665,0.0
4,3,4.88,2939,3600,8.54,1173,3600,0,0,0,0,0,0,0,0,0,0,0,0,1,2,5,0.0,4.101812500000003
2,5,4.88,2939,3600,8.61,1423,3600,0,0,0,0,0,0,0,0,0,0,0,0,1,1,6,0.6681249999999999,0.0
1,6,4.88,2939,3600,8.84,1870,3600,0,0,0,0,0,0,0,0,0,0,0,0,1,4,3,1.0607291666666647,0.0
4,3,4.88,2939,3600,9.0,2471,3600,0,0,0,0,0,0,0,0,0,0,0,0,1,3,4,0.0,4.214453125000004
3,4,4.88,2939,3600,9.11,1677,3600,0,0,0,0,0,0,0,0,0,0,0,0,1,2,5,1.9105468749999943,0.0
2,5,4.88,2939,3600,9.22,2817,3600,0,0,0,0,0,0,0,0,0,0,0,0,1,4,3,1.5943645833333306,0.0
4,3,4.88,2939,3600,9.39,2344,3600,0,0,0,0,0,0,0,0,0,0,0,0,1,4,3,0.0,5.721226562500004
4,3,4.88,2939,3600,9.79,2302,3600,0,0,0,0,0,0,0,0,0,0,0,0,1,3,4,0.0,2.061226562500007
3,4,4.88,2939,3600,9.95,2256,3600,0,0,0,0,0,0,0,0,0,0,0,0,1,4,3,4.1690800781249955,0.0
4,3,4.88,2939,3600,10.18,1685,3600,0,0,0,0,0,0,0,0,0,0,0,0,1,5,2,0.0,1.7309199218750102
5,2,4.88,2939,3600,10.54,1630,3600,0,0,0,0,0,0,0,0,0,0,0,0,1,3,4,0.0,1.3166132812500067
3,4,4.88,2939,3600,10.64,1224,3600,0,0,0,0,0,0,0,0,0,0,0,0,1,5,2,3.465540039062496,0.0
5,2,4.88,2939,3600,10.93,1327,3600,0,0,0,0,0,0,0,0,0,0,0,0,1,5,2,0.0,1.1463066406249993
5,2,4.88,2939,3600,11.21,2295,3600,0,0,0,0,0,0,0,0,0,0,0,0,1,3,4,0.0,0.042306640625000114
3,4,4.88,2939,3600,11.27,1369,3600,0,0,0,0,0,0,0,0,0,0,0,0,1,3,4,5.5762700195312505,0.0
3,4,4.88,2939,3600,11.37,1869,3600,0,0,0,0,0,0,0,0,0,0,0,0,1,2,5,3.4387700195312547,0.0
2,5,4.88,2939,3600,11.49,1558,3600,0,0,0,0,0,0,0,0,0,0,0,0,1,2,5,2.329846679687506,0.0
2,5,4.88,2939,3600,11.79,2475,3600,0,0,0,0,0,0,0,0,0,0,0,0,1,4,3,1.029846679687509,0.0
4,3,4.88,2939,3600,12.56,2735,3600,0,0,0,0,0,0,0,0,0,0,0,0,1,3,4,0.0,5.362614990234363
3,4,4.88,2939,3600,12.82,1395,3600,0,0,0,0,0,0,0,0,0,0,0,0,1,2,5,1.6273850097656322,0.0
2,5,4.88,2939,3600,0.0,0,0,0,0,0,0,0,0,0,0,0,0,0,0,0,2,5,1.820923339843759,0.0
